Time (%),Total Time (ns),Instances,Avg (ns),Med (ns),Min (ns),Max (ns),StdDev (ns),Name
26.3,19200858618,27996,685842.9,560452.5,237824,3497601,403277.0,void cutlass::Kernel2<cutlass_80_tensorop_bf16_s16816gemm_relu_bf16_256x128_32x3_tn_align8>(T1::Params)
13.9,10101890440,32652,309380.4,253920.5,125824,2645729,223548.3,kernel_unified_attention_2d
8.6,6236872451,7786,801036.8,874887.0,114592,1797793,409176.8,void cutlass::Kernel2<cutlass_80_tensorop_bf16_s16816gemm_relu_bf16_128x256_32x3_tn_align8>(T1::Params)
5.5,3976576625,4979,798669.7,774470.0,643877,1084451,124883.5,"void flash::flash_fwd_kernel<Flash_fwd_kernel_traits<(int)128, (int)128, (int)64, (int)4, (bool)0, (bool)0, cutlass::bfloat16_t, Flash_kernel_traits<(int)128, (int)128, (int)64, (int)4, cutlass::bfloat16_t>>, (bool)0, (bool)1, (bool)0, (bool)0, (bool)0, (bool)1, (bool)0, (bool)0>(flash::Flash_fwd_params)"
5.0,3655499892,29004,126034.3,122464.0,33728,856384,52184.4,void cutlass::Kernel2<cutlass_80_tensorop_bf16_s16816gemm_relu_bf16_64x256_32x4_tn_align8>(T1::Params)
2.7,1982803997,47294,41925.1,32128.0,21824,486912,41116.3,void cutlass::Kernel2<cutlass_80_wmma_tensorop_bf16_s161616gemm_bf16_16x16_128x2_tn_align8>(T1::Params)
2.5,1850362828,48790,37925.0,15681.0,1984,194977,50810.9,"void at::native::vectorized_elementwise_kernel<(int)4, at::native::CUDAFunctor_add<c10::BFloat16>, std::array<char *, (unsigned long)3>>(int, T2, T3)"
2.3,1678136199,4259,394021.2,375491.0,98144,1054728,294409.3,void cutlass::Kernel2<cutlass_80_tensorop_bf16_s16816gemm_relu_bf16_256x128_32x3_nn_align8>(T1::Params)
2.3,1660033270,28656,57929.7,69984.0,25088,104512,21857.4,void cutlass::Kernel2<cutlass_80_tensorop_bf16_s16816gemm_relu_bf16_128x128_32x4_tn_align8>(T1::Params)
2.2,1613841605,1703,947646.3,897096.0,869319,1106505,93893.8,void cutlass::Kernel2<cutlass_80_tensorop_bf16_s16816gemm_relu_bf16_128x128_32x4_nn_align8>(T1::Params)
1.9,1355230549,816,1660821.8,1606860.5,1309610,2232050,282023.4,"void flash::flash_bwd_dq_dk_dv_loop_seqk_parallel_kernel<Flash_bwd_kernel_traits<(int)128, (int)64, (int)64, (int)8, (int)4, (int)2, (int)2, (bool)1, (bool)0, cutlass::bfloat16_t, Flash_kernel_traits<(int)128, (int)64, (int)64, (int)8, cutlass::bfloat16_t>>, (bool)0, (bool)1, (bool)0, (bool)0, (bool)0, (bool)1, (bool)0>(flash::Flash_bwd_params)"
1.7,1248266536,54929,22725.1,22400.0,12032,40928,9188.6,void cutlass::Kernel2<cutlass_80_wmma_tensorop_bf16_s161616gemm_bf16_32x32_128x2_tn_align8>(T1::Params)
1.3,978577828,6860,142649.8,141121.0,103073,193857,19495.4,"void at::native::vectorized_elementwise_kernel<(int)4, at::native::BinaryFunctor<c10::BFloat16, c10::BFloat16, c10::BFloat16, at::native::binary_internal::MulFunctor<float>>, std::array<char *, (unsigned long)3>>(int, T2, T3)"
1.3,956779802,48231,19837.4,15904.0,5824,61888,13054.9,"void at::native::elementwise_kernel<(int)128, (int)4, void at::native::gpu_kernel_impl_nocast<at::native::BinaryFunctor<c10::BFloat16, c10::BFloat16, c10::BFloat16, at::native::binary_internal::MulFunctor<float>>>(at::TensorIteratorBase &, const T1 &)::[lambda(int) (instance 1)]>(int, T3)"
1.3,954873939,26096,36590.8,21376.0,7872,411203,41512.0,"void at::native::elementwise_kernel<(int)128, (int)2, void at::native::gpu_kernel_impl_nocast<at::native::BinaryFunctor<float, float, float, at::native::binary_internal::MulFunctor<float>>>(at::TensorIteratorBase &, const T1 &)::[lambda(int) (instance 1)]>(int, T3)"
1.3,923340814,2424,380916.2,38320.0,30112,800294,365732.6,"void at::native::<unnamed>::cunn_SoftMaxForward<(int)4, float, float, float, at::native::<unnamed>::SoftMaxForwardEpilogue>(T4 *, const T2 *, int)"
1.3,922049243,28543,32303.9,18496.0,1728,333699,60057.1,"void at::native::unrolled_elementwise_kernel<at::native::direct_copy_kernel_cuda(at::TensorIteratorBase &)::[lambda() (instance 3)]::operator ()() const::[lambda() (instance 7)]::operator ()() const::[lambda(float) (instance 1)], std::array<char *, (unsigned long)2>, (int)4, TrivialOffsetCalculator<(int)1, unsigned int>, TrivialOffsetCalculator<(int)1, unsigned int>, at::native::memory::LoadWithCast<(int)1>, at::native::memory::StoreWithCast<(int)1>>(int, T1, T2, T4, T5, T6, T7)"
1.2,890885741,33156,26869.5,8416.0,3040,122817,32109.3,"void at::native::vectorized_elementwise_kernel<(int)4, at::native::AUnaryFunctor<c10::BFloat16, c10::BFloat16, c10::BFloat16, at::native::binary_internal::MulFunctor<float>>, std::array<char *, (unsigned long)2>>(int, T2, T3)"
1.1,826730305,9791,84437.8,40224.0,928,583333,162029.7,"void at::native::vectorized_elementwise_kernel<(int)4, at::native::BinaryFunctor<float, float, float, at::native::binary_internal::MulFunctor<float>>, std::array<char *, (unsigned long)3>>(int, T2, T3)"
0.9,680387694,23719,28685.3,11872.0,4544,135328,27666.0,void cutlass::Kernel2<cutlass_80_wmma_tensorop_bf16_s161616gemm_bf16_32x32_32x1_tn_align8>(T1::Params)
0.8,608752198,93559,6506.6,2208.0,800,300163,15624.2,"void at::native::vectorized_elementwise_kernel<(int)4, at::native::bfloat16_copy_kernel_cuda(at::TensorIteratorBase &)::[lambda(float) (instance 1)], std::array<char *, (unsigned long)2>>(int, T2, T3)"
0.7,531098755,20755,25589.0,20800.0,5536,111264,19603.5,"void at::native::vectorized_elementwise_kernel<(int)4, void at::native::<unnamed>::pow_tensor_scalar_kernel_impl<float, float>(at::TensorIteratorBase &, T2)::[lambda(float) (instance 1)], std::array<char *, (unsigned long)2>>(int, T2, T3)"
0.6,465860020,8,58232502.5,19288892.5,9632,266698283,91540911.1,ncclDevKernel_AllReduce_Sum_f32_RING_LL(ncclDevKernelArgsStorage<(unsigned long)4096>)
0.6,465026739,2711,171533.3,107649.0,8160,391267,158235.2,"void at::native::elementwise_kernel<(int)128, (int)2, void at::native::gpu_kernel_impl_nocast<at::native::CUDAFunctor_add<float>>(at::TensorIteratorBase &, const T1 &)::[lambda(int) (instance 1)]>(int, T3)"
0.6,444770176,10980,40507.3,34064.0,16096,78304,16447.5,kernel_unified_attention_3d
0.6,444427059,5158,86162.7,85537.0,52544,130145,20075.3,"void at::native::vectorized_elementwise_kernel<(int)4, at::native::<unnamed>::silu_kernel(at::TensorIteratorBase &)::[lambda() (instance 1)]::operator ()() const::[lambda() (instance 6)]::operator ()() const::[lambda(c10::BFloat16) (instance 1)], std::array<char *, (unsigned long)2>>(int, T2, T3)"
0.6,432151598,5574,77529.9,39617.0,1376,208737,72703.1,"void at::native::reduce_kernel<(int)512, (int)1, at::native::ReduceOp<float, at::native::func_wrapper_t<float, at::native::sum_functor<float, float, float>::operator ()(at::TensorIterator &)::[lambda(float, float) (instance 1)]>, unsigned int, float, (int)4, (int)4>>(T3)"
0.6,430429300,36,11956369.4,11936513.0,11580067,12579014,297014.8,ncclDevKernel_Broadcast_RING_LL(ncclDevKernelArgsStorage<(unsigned long)4096>)
0.5,381501458,1055,361612.8,404484.0,992,410468,114263.9,"void at::native::vectorized_elementwise_kernel<(int)4, at::native::exp_kernel_cuda(at::TensorIteratorBase &)::[lambda() (instance 2)]::operator ()() const::[lambda() (instance 2)]::operator ()() const::[lambda(float) (instance 1)], std::array<char *, (unsigned long)2>>(int, T2, T3)"
0.5,351779439,10318,34093.8,30848.0,12320,73889,19994.2,"void at::native::<unnamed>::CatArrayBatchedCopy<at::native::<unnamed>::OpaqueType<(unsigned int)2>, unsigned int, (int)4, (int)64, (int)64>(T1 *, at::native::<unnamed>::CatArrInputTensorMetadata<T1, T2, T4, T5>, at::native::<unnamed>::TensorSizeStride<T2, (unsigned int)4>, int, T2)"
0.5,335284014,188,1783425.6,1792623.0,1384747,1801263,55577.8,void cutlass::Kernel2<cutlass_80_tensorop_bf16_s16816gemm_relu_bf16_256x128_32x3_nt_align8>(T1::Params)
0.4,326701059,196,1666842.1,1704110.0,660550,1721037,161705.6,void cutlass::Kernel2<cutlass_80_tensorop_bf16_s16816gemm_relu_bf16_256x64_32x4_nn_align8>(T1::Params)
0.4,323346561,12022,26896.2,15824.5,6464,67296,20072.6,"void at::native::elementwise_kernel<(int)128, (int)4, void at::native::gpu_kernel_impl_nocast<at::native::CUDAFunctor_add<c10::BFloat16>>(at::TensorIteratorBase &, const T1 &)::[lambda(int) (instance 1)]>(int, T3)"
0.4,321238820,43632,7362.5,3648.0,3200,336224,24542.9,"void vllm::act_and_mul_kernel<c10::BFloat16, &vllm::silu_kernel<c10::BFloat16>, (bool)1>(T1 *, const T1 *, int)"
0.4,312851075,10332,30279.8,29536.0,27712,69536,5363.7,void cutlass::Kernel2<cutlass_80_wmma_tensorop_bf16_s161616gemm_bf16_32x32_64x1_tn_align8>(T1::Params)
0.4,285065324,87264,3266.7,1920.0,1600,128480,6911.1,"void vllm::rms_norm_kernel<c10::BFloat16, (int)8, (int)3>(T1 *, const T1 *, long, long, long, long, long, const T1 *, float, int, int)"
0.4,282228324,8208,34384.5,27568.5,22752,54784,13171.4,void cutlass::Kernel2<cutlass_80_tensorop_bf16_s16816gemm_relu_bf16_256x64_32x4_tn_align8>(T1::Params)
0.4,258794089,87264,2965.6,2272.0,1824,70912,4030.3,"std::enable_if<T2>(int)0&&vllm::_typeConvert<T1>::exists, void>::type vllm::fused_add_rms_norm_kernel<c10::BFloat16, (int)8>(T1 *, long, T1 *, const T1 *, float, int, int)"
0.3,239834980,20755,11555.5,8512.0,5408,40960,6655.1,"void at::native::reduce_kernel<(int)512, (int)1, at::native::ReduceOp<float, at::native::MeanOps<float, float, float, float>, unsigned int, float, (int)4, (int)4>>(T3)"
0.3,236149162,6120,38586.5,35744.0,34944,51520,5731.8,void cutlass::Kernel2<cutlass_80_tensorop_s16816gemm_bf16_256x64_32x4_tn_align8>(T1::Params)
0.3,229271227,1417,161800.4,169857.0,3808,204866,40966.4,"void at::native::vectorized_elementwise_kernel<(int)4, at::native::BUnaryFunctor<c10::BFloat16, c10::BFloat16, c10::BFloat16, at::native::binary_internal::MulFunctor<float>>, std::array<char *, (unsigned long)2>>(int, T2, T3)"
0.3,217963495,10221,21325.1,20000.0,6560,54241,10034.4,void cutlass::Kernel2<cutlass_80_wmma_tensorop_bf16_s161616gemm_bf16_32x32_128x2_nt_align8>(T1::Params)
0.3,207714478,4139,50184.7,1728.0,832,597285,121088.0,"void at::native::vectorized_elementwise_kernel<(int)4, at::native::CUDAFunctor_add<float>, std::array<char *, (unsigned long)3>>(int, T2, T3)"
0.3,202713068,1007,201303.9,215330.0,6144,230370,45236.2,"void at::native::reduce_kernel<(int)512, (int)1, at::native::ReduceOp<float, at::native::func_wrapper_t<float, at::native::MaxNanFunctor<float>>, unsigned int, float, (int)4, (int)4>>(T3)"
0.3,183795402,1007,182517.8,193858.0,17889,197376,37483.3,cross_entropy_fwd_kernel
0.2,178921266,8136,21991.3,17344.0,16256,33568,7134.2,void cutlass::Kernel2<cutlass_80_tensorop_bf16_s16816gemm_relu_bf16_128x64_32x6_tn_align8>(T1::Params)
0.2,160014237,180,888968.0,815175.0,810438,1191395,148896.0,"void flash::flash_fwd_kernel<Flash_fwd_kernel_traits<(int)128, (int)128, (int)64, (int)4, (bool)0, (bool)0, cutlass::bfloat16_t, Flash_kernel_traits<(int)128, (int)128, (int)64, (int)4, cutlass::bfloat16_t>>, (bool)0, (bool)1, (bool)0, (bool)0, (bool)1, (bool)1, (bool)0, (bool)0>(flash::Flash_fwd_params)"
0.2,146298966,43632,3353.0,2624.0,1984,102336,5829.0,"void vllm::rotary_embedding_kernel<c10::BFloat16, (bool)1>(const long *, T1 *, T1 *, const T1 *, int, long, long, long, int, int, int)"
0.2,123975574,57496,2156.2,1664.0,1088,7328,946.0,"void cublasLt::splitKreduce_kernel<(int)32, (int)16, int, __nv_bfloat16, __nv_bfloat16, float, __nv_bfloat16, (bool)0, __nv_bfloat16, __nv_bfloat16, __nv_bfloat16, (bool)1, (bool)0, (bool)0>(cublasLt::cublasSplitKParams<T6>, const T4 *, const T10 *, T9 *, T5 *, const T6 *, const T6 *, const T11 *, const T4 *, T11 *, void *, long, T6 *, int *, T6 *, T6 *, const T6 *, const T6 *, const T6 *, const T6 *, const T6 *)"
0.2,121129304,3524,34372.7,32288.0,29312,45825,4464.1,void cutlass::Kernel2<cutlass_80_tensorop_s16816gemm_bf16_64x64_32x6_tn_align8>(T1::Params)
0.2,113381810,2376,47719.6,48272.0,32224,64928,14446.4,"std::enable_if<!T7, void>::type internal::gemvx::kernel<int, int, __nv_bfloat16, __nv_bfloat16, __nv_bfloat16, float, (bool)0, (bool)1, (bool)1, (bool)0, (int)7, (bool)0, cublasGemvParamsEx<int, cublasGemvTensorStridedBatched<const __nv_bfloat16>, cublasGemvTensorStridedBatched<const __nv_bfloat16>, cublasGemvTensorStridedBatched<__nv_bfloat16>, float>>(T13)"
0.1,107186164,851,125953.2,123009.0,105345,157474,14808.0,"void at::native::vectorized_elementwise_kernel<(int)4, at::native::<unnamed>::silu_backward_kernel(at::TensorIteratorBase &)::[lambda() (instance 1)]::operator ()() const::[lambda() (instance 4)]::operator ()() const::[lambda(c10::BFloat16, c10::BFloat16) (instance 1)], std::array<char *, (unsigned long)3>>(int, T2, T3)"
0.1,106868353,5961,17927.9,13280.0,11008,51681,10775.8,void cutlass::Kernel2<cutlass_80_wmma_tensorop_bf16_s161616gemm_bf16_32x32_32x1_nn_align8>(T1::Params)
0.1,106687519,20988,5083.3,1376.0,800,410979,38128.6,"void at::native::vectorized_elementwise_kernel<(int)4, at::native::CUDAFunctorOnSelf_add<float>, std::array<char *, (unsigned long)2>>(int, T2, T3)"
0.1,96962081,6176,15699.8,16832.0,10752,21728,3561.7,void cutlass::Kernel2<cutlass_80_wmma_tensorop_bf16_s161616gemm_bf16_32x32_32x2_tn_align8>(T1::Params)
0.1,91737471,7276,12608.2,1664.0,864,93408,17625.6,"void at::native::vectorized_elementwise_kernel<(int)4, at::native::AUnaryFunctor<float, float, float, at::native::binary_internal::MulFunctor<float>>, std::array<char *, (unsigned long)2>>(int, T2, T3)"
0.1,88461670,12022,7358.3,7024.0,3520,13536,3375.0,"void at::native::elementwise_kernel<(int)128, (int)4, void at::native::gpu_kernel_impl_nocast<at::native::neg_kernel_cuda(at::TensorIteratorBase &)::[lambda() (instance 2)]::operator ()() const::[lambda() (instance 9)]::operator ()() const::[lambda(c10::BFloat16) (instance 1)]>(at::TensorIteratorBase &, const T1 &)::[lambda(int) (instance 1)]>(int, T3)"
0.1,87505668,1702,51413.4,51232.5,43648,64865,5005.8,void cutlass::Kernel2<cutlass_80_tensorop_bf16_s16816gemm_relu_bf16_128x64_32x6_nt_align8>(T1::Params)
0.1,70912563,3432,20662.2,20576.0,7680,40832,8569.5,"void at::native::elementwise_kernel<(int)128, (int)2, void at::native::gpu_kernel_impl_nocast<at::native::BUnaryFunctor<float, float, float, at::native::binary_internal::MulFunctor<float>>>(at::TensorIteratorBase &, const T1 &)::[lambda(int) (instance 1)]>(int, T3)"
0.1,69534984,1152,60360.2,60352.0,59264,61888,375.3,void cutlass::Kernel2<cutlass_80_tensorop_bf16_s16816gemm_relu_bf16_128x128_32x5_tn_align8>(T1::Params)
0.1,68004485,852,79817.5,78193.0,57377,100257,9150.4,"void flash::flash_bwd_dot_do_o_kernel<(bool)1, Flash_bwd_kernel_traits<(int)128, (int)64, (int)64, (int)8, (int)4, (int)2, (int)2, (bool)1, (bool)0, cutlass::bfloat16_t, Flash_kernel_traits<(int)128, (int)64, (int)64, (int)8, cutlass::bfloat16_t>>>(flash::Flash_bwd_params)"
0.1,67231188,5112,13151.6,9456.0,3584,36865,9588.4,"void at::native::elementwise_kernel<(int)128, (int)4, void at::native::gpu_kernel_impl_nocast<at::native::direct_copy_kernel_cuda(at::TensorIteratorBase &)::[lambda() (instance 3)]::operator ()() const::[lambda() (instance 12)]::operator ()() const::[lambda(c10::BFloat16) (instance 1)]>(at::TensorIteratorBase &, const T1 &)::[lambda(int) (instance 1)]>(int, T3)"
0.1,66010729,4260,15495.5,17184.0,7616,27553,7005.8,void cutlass::Kernel2<cutlass_80_wmma_tensorop_bf16_s161616gemm_bf16_32x32_128x2_nn_align8>(T1::Params)
0.1,65787605,43632,1507.8,1216.0,896,33280,1941.7,reshape_and_cache_kernel_flash
0.1,62995141,36,1749865.0,1750654.0,1724686,1753966,4563.3,"void flash::flash_bwd_dq_dk_dv_loop_seqk_parallel_kernel<Flash_bwd_kernel_traits<(int)128, (int)64, (int)64, (int)8, (int)4, (int)2, (int)2, (bool)1, (bool)0, cutlass::bfloat16_t, Flash_kernel_traits<(int)128, (int)64, (int)64, (int)8, cutlass::bfloat16_t>>, (bool)0, (bool)1, (bool)0, (bool)0, (bool)1, (bool)1, (bool)0>(flash::Flash_bwd_params)"
0.1,62795948,2411,26045.6,23040.0,14656,482752,55455.3,"std::enable_if<!T7, void>::type internal::gemvx::kernel<int, int, __nv_bfloat16, __nv_bfloat16, __nv_bfloat16, float, (bool)0, (bool)1, (bool)1, (bool)0, (int)6, (bool)0, cublasGemvParamsEx<int, cublasGemvTensorStridedBatched<const __nv_bfloat16>, cublasGemvTensorStridedBatched<const __nv_bfloat16>, cublasGemvTensorStridedBatched<__nv_bfloat16>, float>>(T13)"
0.1,48656452,1704,28554.3,28449.0,23424,35745,2819.2,"void at::native::reduce_kernel<(int)128, (int)4, at::native::ReduceOp<c10::BFloat16, at::native::func_wrapper_t<c10::BFloat16, at::native::sum_functor<c10::BFloat16, float, c10::BFloat16>::operator ()(at::TensorIterator &)::[lambda(float, float) (instance 1)]>, unsigned int, c10::BFloat16, (int)4, (int)4>>(T3)"
0.1,39593770,1212,32668.1,33088.0,25120,33824,1352.4,"void at::native::<unnamed>::cunn_SoftMaxForward<(int)4, float, float, float, at::native::<unnamed>::LogSoftMaxForwardEpilogue>(T4 *, const T2 *, int)"
0.0,35696658,852,41897.5,41040.5,32609,57504,6531.6,"void flash::flash_bwd_convert_dq_kernel<Flash_bwd_kernel_traits<(int)128, (int)64, (int)64, (int)8, (int)4, (int)2, (int)2, (bool)1, (bool)0, cutlass::bfloat16_t, Flash_kernel_traits<(int)128, (int)64, (int)64, (int)8, cutlass::bfloat16_t>>>(flash::Flash_bwd_params, int)"
0.0,33219195,711,46721.8,736.0,672,177217,74824.7,"void at::native::vectorized_elementwise_kernel<(int)4, at::native::FillFunctor<float>, std::array<char *, (unsigned long)1>>(int, T2, T3)"
0.0,31997645,10916,2931.3,2912.0,2528,4448,169.3,"void at::native::unrolled_elementwise_kernel<at::native::CUDAFunctor_add<float>, std::array<char *, (unsigned long)3>, (int)4, TrivialOffsetCalculator<(int)2, unsigned int>, TrivialOffsetCalculator<(int)1, unsigned int>, at::native::memory::LoadWithCast<(int)2>, at::native::memory::StoreWithCast<(int)1>>(int, T1, T2, T4, T5, T6, T7)"
0.0,28403284,956,29710.5,29696.0,29408,30272,126.7,void cutlass::Kernel2<cutlass_80_tensorop_s16816gemm_bf16_64x64_32x6_nn_align8>(T1::Params)
0.0,26666571,20755,1284.8,1312.0,864,2368,215.4,"void at::native::vectorized_elementwise_kernel<(int)4, at::native::rsqrt_kernel_cuda(at::TensorIteratorBase &)::[lambda() (instance 2)]::operator ()() const::[lambda() (instance 2)]::operator ()() const::[lambda(float) (instance 1)], std::array<char *, (unsigned long)2>>(int, T2, T3)"
0.0,23617805,468,50465.4,50464.0,49824,51040,229.5,void cutlass::Kernel2<cutlass_80_tensorop_bf16_s16816gemm_relu_bf16_128x64_64x4_tn_align8>(T1::Params)
0.0,23479783,24015,977.7,896.0,800,3200,192.4,"void at::native::vectorized_elementwise_kernel<(int)4, at::native::BUnaryFunctor<float, float, float, at::native::binary_internal::MulFunctor<float>>, std::array<char *, (unsigned long)2>>(int, T2, T3)"
0.0,23428745,10609,2208.4,2336.0,1376,4064,714.4,"void cublasLt::splitKreduce_kernel<(int)32, (int)16, int, float, __nv_bfloat16, float, __nv_bfloat16, (bool)0, __nv_bfloat16, __nv_bfloat16, __nv_bfloat16, (bool)1, (bool)0, (bool)0>(cublasLt::cublasSplitKParams<T6>, const T4 *, const T10 *, T9 *, T5 *, const T6 *, const T6 *, const T11 *, const T4 *, T11 *, void *, long, T6 *, int *, T6 *, T6 *, const T6 *, const T6 *, const T6 *, const T6 *, const T6 *)"
0.0,23130115,3550,6515.5,3584.0,736,13024,3671.8,"void at::native::vectorized_elementwise_kernel<(int)4, at::native::FillFunctor<c10::BFloat16>, std::array<char *, (unsigned long)1>>(int, T2, T3)"
0.0,21876258,10980,1992.4,1696.0,1504,3712,471.7,reduce_segments
0.0,21052558,746,28220.6,28128.0,26528,31232,1454.4,void cutlass::Kernel2<cutlass_80_tensorop_bf16_s16816gemm_relu_bf16_64x256_32x4_nn_align8>(T1::Params)
0.0,18296007,1212,15095.7,22416.0,1952,27424,11493.3,triton_red_fused_ge_sum_0
0.0,17020322,10,1702032.2,1077128.5,9120,7821052,2346098.8,ncclDevKernel_AllReduce_Sum_u64_RING_LL(ncclDevKernelArgsStorage<(unsigned long)4096>)
0.0,16279398,1284,12678.7,12672.0,1504,24256,8559.5,"void at::native::vectorized_elementwise_kernel<(int)4, at::native::BinaryFunctor<float, float, float, at::native::binary_internal::DivFunctor<float>>, std::array<char *, (unsigned long)3>>(int, T2, T3)"
0.0,15313896,1212,12635.2,17184.0,1408,19936,7424.2,"void at::native::elementwise_kernel<(int)128, (int)2, void at::native::gpu_kernel_impl_nocast<at::native::BinaryFunctor<float, float, float, at::native::binary_internal::DivFunctor<float>>>(at::TensorIteratorBase &, const T1 &)::[lambda(int) (instance 1)]>(int, T3)"
0.0,15205631,5159,2947.4,2912.0,2336,3744,283.8,"void at::native::reduce_kernel<(int)512, (int)1, at::native::ReduceOp<long, at::native::func_wrapper_t<long, at::native::MinNanFunctor<long>>, unsigned int, long, (int)4, (int)4>>(T3)"
0.0,14318675,17,842275.0,757990.0,537604,1439883,287187.8,void cutlass::Kernel2<cutlass_80_tensorop_bf16_s16816gemm_relu_bf16_64x64_32x6_nt_align8>(T1::Params)
0.0,13588998,1212,11212.0,11824.0,1760,20768,7070.7,"void at::native::<unnamed>::distribution_elementwise_grid_stride_kernel<float, (int)4, void at::native::templates::cuda::uniform_and_transform<float, float, at::CUDAGeneratorImpl *, void at::native::templates::cuda::exponential_kernel<at::CUDAGeneratorImpl *>(at::TensorIteratorBase &, double, T1)::[lambda() (instance 1)]::operator ()() const::[lambda() (instance 2)]::operator ()() const::[lambda(float) (instance 1)]>(at::TensorIteratorBase &, T3, T4)::[lambda(curandStatePhilox4_32_10 *) (instance 2)], void at::native::<unnamed>::distribution_nullary_kernel<float, float, float4, at::CUDAGeneratorImpl *, void at::native::templates::cuda::uniform_and_transform<float, float, at::CUDAGeneratorImpl *, void at::native::templates::cuda::exponential_kernel<at::CUDAGeneratorImpl *>(at::TensorIteratorBase &, double, T1)::[lambda() (instance 1)]::operator ()() const::[lambda() (instance 2)]::operator ()() const::[lambda(float) (instance 1)]>(at::TensorIteratorBase &, T3, T4)::[lambda(curandStatePhilox4_32_10 *) (instance 2)], void at::native::templates::cuda::exponential_kernel<at::CUDAGeneratorImpl *>(at::TensorIteratorBase &, double, T1)::[lambda() (instance 1)]::operator ()() const::[lambda() (instance 2)]::operator ()() const::[lambda(float) (instance 1)]>(at::TensorIteratorBase &, T4, const T5 &, T6)::[lambda(int, float) (instance 1)]>(long, at::PhiloxCudaState, T3, T4)"
0.0,12690726,1212,10470.9,13520.0,4960,15328,4090.9,"void at::native::reduce_kernel<(int)512, (int)1, at::native::ReduceOp<float, at::native::ArgMaxOps<float>, unsigned int, long, (int)4, (int)4>>(T3)"
0.0,11461245,5279,2171.1,2176.0,1664,2656,158.4,"void at::native::reduce_kernel<(int)512, (int)1, at::native::ReduceOp<long, at::native::func_wrapper_t<long, at::native::sum_functor<long, long, long>::operator ()(at::TensorIterator &)::[lambda(long, long) (instance 1)]>, unsigned int, long, (int)4, (int)4>>(T3)"
0.0,8531521,18,473973.4,472336.0,470272,484224,4113.9,void cutlass::Kernel2<cutlass_80_wmma_tensorop_bf16_s161616gemm_bf16_16x16_128x1_tn_align8>(T1::Params)
0.0,7211699,5159,1397.9,1344.0,1184,1792,116.9,"void at::native::elementwise_kernel<(int)128, (int)2, void at::native::gpu_kernel_impl_nocast<at::native::CUDAFunctor_add<long>>(at::TensorIteratorBase &, const T1 &)::[lambda(int) (instance 1)]>(int, T3)"
0.0,7107845,5974,1189.8,1216.0,864,1568,128.4,"void at::native::vectorized_elementwise_kernel<(int)2, at::native::CUDAFunctor_add<long>, std::array<char *, (unsigned long)3>>(int, T2, T3)"
0.0,5889430,3432,1716.0,1536.0,896,3136,433.3,"void at::native::vectorized_elementwise_kernel<(int)4, void at::native::<unnamed>::pow_tensor_scalar_kernel_impl<float, float>(at::TensorIteratorBase &, T2)::[lambda(float) (instance 2)], std::array<char *, (unsigned long)2>>(int, T2, T3)"
0.0,5320318,5183,1026.5,1024.0,960,2816,121.4,"void at::native::unrolled_elementwise_kernel<at::native::direct_copy_kernel_cuda(at::TensorIteratorBase &)::[lambda() (instance 3)]::operator ()() const::[lambda() (instance 11)]::operator ()() const::[lambda(bool) (instance 1)], std::array<char *, (unsigned long)2>, (int)4, TrivialOffsetCalculator<(int)1, unsigned int>, TrivialOffsetCalculator<(int)1, unsigned int>, at::native::memory::LoadWithCast<(int)1>, at::native::memory::StoreWithCast<(int)1>>(int, T1, T2, T4, T5, T6, T7)"
0.0,5234567,5159,1014.6,992.0,928,1408,55.2,"void at::native::vectorized_elementwise_kernel<(int)2, at::native::AbsFunctor<long>, std::array<char *, (unsigned long)2>>(int, T2, T3)"
0.0,4877239,6046,806.7,704.0,608,1344,185.6,"void <unnamed>::elementwise_kernel_with_index<int, at::native::arange_cuda_out(const c10::Scalar &, const c10::Scalar &, const c10::Scalar &, at::Tensor &)::[lambda() (instance 1)]::operator ()() const::[lambda() (instance 4)]::operator ()() const::[lambda(long) (instance 1)]>(T1, T2, function_traits<T2>::result_type *)"
0.0,4642145,3828,1212.7,1184.0,896,2688,238.0,"void at::native::unrolled_elementwise_kernel<at::native::direct_copy_kernel_cuda(at::TensorIteratorBase &)::[lambda() (instance 3)]::operator ()() const::[lambda() (instance 4)]::operator ()() const::[lambda(long) (instance 1)], std::array<char *, (unsigned long)2>, (int)4, TrivialOffsetCalculator<(int)1, unsigned int>, TrivialOffsetCalculator<(int)1, unsigned int>, at::native::memory::LoadWithCast<(int)1>, at::native::memory::StoreWithCast<(int)1>>(int, T1, T2, T4, T5, T6, T7)"
0.0,4048934,2150,1883.2,1312.0,960,20288,2280.7,"void at::native::vectorized_gather_kernel<(int)16, long>(char *, char *, T2 *, int, long, long, long, long, bool)"
0.0,3956994,8,494624.3,487780.0,482820,520869,15336.1,void cutlass::Kernel2<cutlass_80_tensorop_s16816gemm_bf16_128x64_64x4_nn_align8>(T1::Params)
0.0,3353313,4602,728.7,736.0,672,800,17.3,"void at::native::vectorized_elementwise_kernel<(int)4, at::native::FillFunctor<int>, std::array<char *, (unsigned long)1>>(int, T2, T3)"
0.0,3093346,3212,963.1,928.0,800,1344,119.3,"void at::native::vectorized_elementwise_kernel<(int)4, at::native::AUnaryFunctor<long, long, bool, at::native::<unnamed>::CompareEqFunctor<long>>, std::array<char *, (unsigned long)2>>(int, T2, T3)"
0.0,2907438,40,72685.9,78160.5,48289,80897,11972.3,"void at::native::<unnamed>::multi_tensor_apply_kernel<at::native::<unnamed>::TensorListMetadata<(int)1>, at::native::<unnamed>::BinaryOpScalarFunctor<float, (int)1, (int)1, (int)0>, std::multiplies<float>, float>(T1, T2, T3...)"
0.0,2775470,44,63078.9,65552.0,36000,70593,8682.4,"void at::native::<unnamed>::multi_tensor_apply_kernel<at::native::<unnamed>::TensorListScalarListMetadata<float, (int)3>, at::native::<unnamed>::PointwiseOpScalarListFunctor<float, (int)3, (int)3, (int)0>, std::divides<float>>(T1, T2, T3...)"
0.0,2692832,1212,2221.8,1920.0,1728,19072,1340.9,"void vllm::rms_norm_kernel<c10::BFloat16, (int)8, (int)2>(T1 *, const T1 *, long, long, long, long, long, const T1 *, float, int, int)"
0.0,2389921,1526,1566.1,1632.0,1312,2080,191.0,"void at::native::reduce_kernel<(int)512, (int)1, at::native::ReduceOp<bool, at::native::func_wrapper_t<bool, at::native::and_kernel_cuda(at::TensorIterator &)::[lambda() (instance 1)]::operator ()() const::[lambda() (instance 12)]::operator ()() const::[lambda(bool, bool) (instance 1)]>, unsigned int, bool, (int)4, (int)4>>(T3)"
0.0,2220448,2301,965.0,960.0,832,1312,105.3,"void at::native::vectorized_elementwise_kernel<(int)2, at::native::AUnaryFunctor<long, long, long, at::native::binary_internal::MulFunctor<long>>, std::array<char *, (unsigned long)2>>(int, T2, T3)"
0.0,2199584,2424,907.4,896.0,800,1248,63.7,"void at::native::unrolled_elementwise_kernel<at::native::direct_copy_kernel_cuda(at::TensorIteratorBase &)::[lambda() (instance 3)]::operator ()() const::[lambda() (instance 3)]::operator ()() const::[lambda(int) (instance 1)], std::array<char *, (unsigned long)2>, (int)4, TrivialOffsetCalculator<(int)1, unsigned int>, TrivialOffsetCalculator<(int)1, unsigned int>, at::native::memory::LoadWithCast<(int)1>, at::native::memory::StoreWithCast<(int)1>>(int, T1, T2, T4, T5, T6, T7)"
0.0,2198403,1332,1650.5,1504.0,1280,3552,492.4,"void at::native::_scatter_gather_elementwise_kernel<(int)128, (int)8, void at::native::_cuda_scatter_gather_internal_kernel<(bool)0, at::native::OpaqueType<(int)4>, long>::operator ()<at::native::TensorAssign>(at::TensorIterator &, long, long, long, const T1 &)::[lambda(int) (instance 1)]>(int, T3)"
0.0,2132810,44,48473.0,49968.0,27072,55104,6819.9,"void at::native::<unnamed>::multi_tensor_apply_kernel<at::native::<unnamed>::TensorListMetadata<(int)3>, at::native::<unnamed>::PointwiseOpScalarFunctor<float, (int)3, (int)3, (int)0>, std::multiplies<float>, float>(T1, T2, T3...)"
0.0,2105835,32,65807.3,66464.0,59040,70016,2876.0,"void at::native::<unnamed>::multi_tensor_apply_kernel<at::native::<unnamed>::TensorListMetadata<(int)2>, at::native::<unnamed>::TernaryOpScalarFunctor<float, (int)2, (int)2, (int)0>, at::native::LerpFunctor<float>, float>(T1, T2, T3...)"
0.0,1870530,6,311755.0,312369.0,294240,324384,11803.0,"void at::native::vectorized_elementwise_kernel<(int)4, at::native::FillFunctor<unsigned char>, std::array<char *, (unsigned long)1>>(int, T2, T3)"
0.0,1583552,1177,1345.4,1344.0,1216,1664,54.3,"void at::native::elementwise_kernel<(int)128, (int)4, void at::native::gpu_kernel_impl_nocast<at::native::FillFunctor<c10::BFloat16>>(at::TensorIteratorBase &, const T1 &)::[lambda(int) (instance 1)]>(int, T3)"
0.0,1552809,1007,1542.0,1568.0,928,1920,137.3,"void at::native::vectorized_elementwise_kernel<(int)4, at::native::log_kernel_cuda(at::TensorIteratorBase &)::[lambda() (instance 2)]::operator ()() const::[lambda() (instance 2)]::operator ()() const::[lambda(float) (instance 1)], std::array<char *, (unsigned long)2>>(int, T2, T3)"
0.0,1550592,1529,1014.1,928.0,800,1440,205.5,"void at::native::elementwise_kernel<(int)128, (int)2, void at::native::gpu_kernel_impl_nocast<at::native::<unnamed>::where_kernel_impl(at::TensorIterator &)::[lambda() (instance 1)]::operator ()() const::[lambda() (instance 8)]::operator ()() const::[lambda(bool, long, long) (instance 1)]>(at::TensorIteratorBase &, const T1 &)::[lambda(int) (instance 1)]>(int, T3)"
0.0,1532461,1079,1420.3,1472.0,832,1824,168.2,"void at::native::vectorized_elementwise_kernel<(int)4, at::native::<unnamed>::masked_fill_kernel(at::TensorIterator &, const c10::Scalar &)::[lambda() (instance 1)]::operator ()() const::[lambda() (instance 7)]::operator ()() const::[lambda(float, bool) (instance 1)], std::array<char *, (unsigned long)3>>(int, T2, T3)"
0.0,1485287,24,61887.0,69232.5,23200,72224,17653.9,"void at::native::<unnamed>::multi_tensor_apply_kernel<at::native::<unnamed>::TensorListScalarListMetadata<float, (int)1>, at::native::<unnamed>::BinaryOpScalarListFunctor<float, (int)1, (int)1, (int)0>, std::divides<float>>(T1, T2, T3...)"
0.0,1476064,359,4111.6,3104.0,1184,9152,2105.1,"void at::native::<unnamed>::indexSelectSmallIndex<c10::BFloat16, long, unsigned int, (int)2, (int)2, (int)-2>(at::cuda::detail::TensorInfo<T1, T3>, at::cuda::detail::TensorInfo<const T1, T3>, at::cuda::detail::TensorInfo<const T2, T3>, int, int, T3, long)"
0.0,1472040,1151,1278.9,1344.0,800,1664,173.6,"void at::native::vectorized_elementwise_kernel<(int)4, at::native::neg_kernel_cuda(at::TensorIteratorBase &)::[lambda() (instance 2)]::operator ()() const::[lambda() (instance 7)]::operator ()() const::[lambda(float) (instance 1)], std::array<char *, (unsigned long)2>>(int, T2, T3)"
0.0,1469638,32,45926.2,46944.5,38208,50400,3353.3,"void at::native::<unnamed>::multi_tensor_apply_kernel<at::native::<unnamed>::TensorListMetadata<(int)2>, at::native::<unnamed>::UnaryOpFunctor<float, (int)2, (int)1, (int)1>, at::native::Sqrt<float>>(T1, T2, T3...)"
0.0,1448167,20,72408.4,78496.5,48800,81376,12220.1,"void at::native::<unnamed>::multi_tensor_apply_kernel<at::native::<unnamed>::TensorListMetadata<(int)1>, at::native::<unnamed>::BinaryOpScalarFunctor<float, (int)1, (int)1, (int)0>, std::plus<float>, float>(T1, T2, T3...)"
0.0,1342318,1011,1327.7,1344.0,800,1696,104.4,"void at::native::vectorized_elementwise_kernel<(int)4, at::native::AbsFunctor<float>, std::array<char *, (unsigned long)2>>(int, T2, T3)"
0.0,1340038,20,67001.9,77249.0,47488,81408,15596.1,"void at::native::<unnamed>::multi_tensor_apply_kernel<at::native::<unnamed>::TensorListMetadata<(int)1>, at::native::<unnamed>::BinaryOpScalarTensorFunctor<float, (int)1, (int)1, (int)0>, std::multiplies<float>, float *, float>(T1, T2, T3...)"
0.0,1328134,1011,1313.7,1344.0,800,1664,145.2,"void at::native::vectorized_elementwise_kernel<(int)4, at::native::AUnaryFunctor<float, float, bool, at::native::<unnamed>::CompareEqFunctor<float>>, std::array<char *, (unsigned long)2>>(int, T2, T3)"
0.0,1292385,1332,970.3,928.0,864,1440,90.7,"void at::native::<unnamed>::CatArrayBatchedCopy_alignedK_contig<at::native::<unnamed>::OpaqueType<(unsigned int)8>, unsigned int, (int)2, (int)128, (int)1, (int)16>(T1 *, at::native::<unnamed>::CatArrInputTensorMetadata<T1, T2, T4, T5>, at::native::<unnamed>::TensorSizeStride<T2, (unsigned int)4>, int, T2)"
0.0,1184000,1212,976.9,928.0,864,1280,92.2,"void at::native::<unnamed>::CatArrayBatchedCopy_alignedK_contig<at::native::<unnamed>::OpaqueType<(unsigned int)4>, unsigned int, (int)2, (int)128, (int)1, (int)16>(T1 *, at::native::<unnamed>::CatArrInputTensorMetadata<T1, T2, T4, T5>, at::native::<unnamed>::TensorSizeStride<T2, (unsigned int)4>, int, T2)"
0.0,1136032,1212,937.3,896.0,768,1600,91.4,triton_per_fused_ge_sum_1
0.0,1128384,1544,730.8,736.0,704,768,16.8,"void at::native::vectorized_elementwise_kernel<(int)2, at::native::FillFunctor<long>, std::array<char *, (unsigned long)1>>(int, T2, T3)"
0.0,1095074,1212,903.5,864.0,800,1152,66.3,"void at::native::unrolled_elementwise_kernel<at::native::CUDAFunctorOnSelf_add<int>, std::array<char *, (unsigned long)2>, (int)4, TrivialOffsetCalculator<(int)1, unsigned int>, TrivialOffsetCalculator<(int)1, unsigned int>, at::native::memory::LoadWithoutCast, at::native::memory::StoreWithoutCast>(int, T1, T2, T4, T5, T6, T7)"
0.0,843334,1,843334.0,843334.0,843334,843334,0.0,void cutlass::Kernel2<cutlass_80_tensorop_s16816gemm_bf16_256x64_32x4_nn_align8>(T1::Params)
0.0,812896,764,1064.0,1088.0,832,1440,146.8,"void at::native::elementwise_kernel<(int)128, (int)2, void at::native::gpu_kernel_impl_nocast<at::native::direct_copy_kernel_cuda(at::TensorIteratorBase &)::[lambda() (instance 3)]::operator ()() const::[lambda() (instance 4)]::operator ()() const::[lambda(long) (instance 1)]>(at::TensorIteratorBase &, const T1 &)::[lambda(int) (instance 1)]>(int, T3)"
0.0,769476,20,38473.8,40512.5,26976,43072,5690.6,"void at::native::<unnamed>::multi_tensor_apply_kernel<at::native::<unnamed>::TensorListMetadata<(int)1>, at::native::LpNormFunctor<float, (at::native::NormType)1, float, (int)1, (int)1, (int)0>, float *, int>(T1, T2, T3...)"
0.0,763841,777,983.1,960.0,800,1376,139.7,"void at::native::<unnamed>::CatArrayBatchedCopy_alignedK_contig<at::native::<unnamed>::OpaqueType<(unsigned int)8>, unsigned int, (int)1, (int)128, (int)1, (int)16>(T1 *, at::native::<unnamed>::CatArrInputTensorMetadata<T1, T2, T4, T5>, at::native::<unnamed>::TensorSizeStride<T2, (unsigned int)4>, int, T2)"
0.0,651624,205,3178.7,3104.0,1984,7744,482.4,"void at::native::_scatter_gather_elementwise_kernel<(int)128, (int)8, void at::native::_cuda_scatter_fill_internal_kernel<at::native::OpaqueType<(int)4>, long>::operator ()<at::native::TensorAssign>(at::TensorIterator &, at::native::OpaqueType<(int)4>, long, long, long, const T1 &)::[lambda(int) (instance 1)]>(int, T3)"
0.0,413410,400,1033.5,1056.0,800,1280,83.8,"void at::native::unrolled_elementwise_kernel<at::native::CUDAFunctor_add<long>, std::array<char *, (unsigned long)3>, (int)4, TrivialOffsetCalculator<(int)2, unsigned int>, TrivialOffsetCalculator<(int)1, unsigned int>, at::native::memory::LoadWithoutCast, at::native::memory::StoreWithoutCast>(int, T1, T2, T4, T5, T6, T7)"
0.0,409572,274,1494.8,1376.0,1056,2016,265.2,"void at_cuda_detail::cub::DeviceScanKernel<at_cuda_detail::cub::DeviceScanPolicy<long, std::plus<long>>::Policy900, const long *, long *, at_cuda_detail::cub::ScanTileState<long, (bool)1>, std::plus<long>, at_cuda_detail::cub::NullType, unsigned int, long, (bool)0>(T2, T3, T4, int, T5, T6, T7)"
0.0,369667,120,3080.6,2976.5,2816,4448,239.2,"void at::native::<unnamed>::CatArrayBatchedCopy<at::native::<unnamed>::OpaqueType<(unsigned int)4>, unsigned int, (int)3, (int)64, (int)64>(T1 *, at::native::<unnamed>::CatArrInputTensorMetadata<T1, T2, T4, T5>, at::native::<unnamed>::TensorSizeStride<T2, (unsigned int)4>, int, T2)"
0.0,348866,312,1118.2,1120.0,992,1440,75.8,"void at::native::elementwise_kernel<(int)128, (int)2, void at::native::gpu_kernel_impl_nocast<at::native::<unnamed>::where_kernel_impl(at::TensorIterator &)::[lambda() (instance 1)]::operator ()() const::[lambda() (instance 11)]::operator ()() const::[lambda(bool, float, float) (instance 1)]>(at::TensorIteratorBase &, const T1 &)::[lambda(int) (instance 1)]>(int, T3)"
0.0,308130,144,2139.8,2176.0,1856,2304,126.3,"void at::native::unrolled_elementwise_kernel<at::native::BinaryFunctor<float, float, float, at::native::binary_internal::MulFunctor<float>>, std::array<char *, (unsigned long)3>, (int)4, TrivialOffsetCalculator<(int)2, unsigned int>, TrivialOffsetCalculator<(int)1, unsigned int>, at::native::memory::LoadWithCast<(int)2>, at::native::memory::StoreWithCast<(int)1>>(int, T1, T2, T4, T5, T6, T7)"
0.0,254241,120,2118.7,2112.0,1952,2432,77.9,"void at::native::vectorized_elementwise_kernel<(int)4, at::native::cos_kernel_cuda(at::TensorIteratorBase &)::[lambda() (instance 2)]::operator ()() const::[lambda() (instance 2)]::operator ()() const::[lambda(float) (instance 1)], std::array<char *, (unsigned long)2>>(int, T2, T3)"
0.0,246085,120,2050.7,2048.0,1920,2240,74.3,"void at::native::vectorized_elementwise_kernel<(int)4, at::native::sin_kernel_cuda(at::TensorIteratorBase &)::[lambda() (instance 2)]::operator ()() const::[lambda() (instance 2)]::operator ()() const::[lambda(float) (instance 1)], std::array<char *, (unsigned long)2>>(int, T2, T3)"
0.0,212544,240,885.6,864.0,832,992,46.7,"void at::native::vectorized_elementwise_kernel<(int)4, void at::native::compare_scalar_kernel<float>(at::TensorIteratorBase &, at::native::<unnamed>::OpType, T1)::[lambda(float) (instance 1)], std::array<char *, (unsigned long)2>>(int, T2, T3)"
0.0,194304,274,709.1,704.0,672,768,21.1,"void at_cuda_detail::cub::DeviceScanInitKernel<at_cuda_detail::cub::ScanTileState<long, (bool)1>>(T1, int)"
0.0,182242,120,1518.7,1504.0,1408,1696,51.5,"void compute_cuda_kernel<long>(const T1 *, const long *, T1 *, long, long)"
0.0,172993,120,1441.6,1440.0,1312,1824,66.9,"void gemmk1_kernel<int, float, (int)256, (int)5, (bool)0, (bool)0, (bool)0, (bool)0, cublasGemvTensorStridedBatched<const float>, cublasGemvTensorStridedBatched<const float>, cublasGemvTensorStridedBatched<float>, float, (int)0>(cublasGemmk1Params<T2, T9, T10, T11, T12, biasType<T11::value_type, T12>::type>)"
0.0,157794,168,939.3,928.0,864,1024,33.8,"void at::native::vectorized_elementwise_kernel<(int)2, at::native::CUDAFunctorOnSelf_add<long>, std::array<char *, (unsigned long)2>>(int, T2, T3)"
0.0,140449,120,1170.4,1184.0,1024,1408,73.7,"void at::native::roll_cuda_kernel<long>(const T1 *, T1 *, long, long, long, long, long, long)"
0.0,115616,48,2408.7,2416.0,2304,2496,60.0,"void at::native::elementwise_kernel<(int)128, (int)4, void at::native::gpu_kernel_impl<at::native::BinaryFunctor<float, float, float, at::native::binary_internal::MulFunctor<float>>>(at::TensorIteratorBase &, const T1 &)::[lambda(int) (instance 1)]>(int, T3)"
0.0,113888,120,949.1,960.0,896,1024,30.3,"void at::native::vectorized_elementwise_kernel<(int)4, void at::native::compare_scalar_kernel<long>(at::TensorIteratorBase &, at::native::<unnamed>::OpType, T1)::[lambda(long) (instance 1)], std::array<char *, (unsigned long)2>>(int, T2, T3)"
0.0,108833,120,906.9,928.0,832,992,47.0,"void at::native::vectorized_elementwise_kernel<(int)4, at::native::<unnamed>::CompareFunctor<float>, std::array<char *, (unsigned long)3>>(int, T2, T3)"
0.0,108385,96,1129.0,1120.0,1056,1280,59.4,"void at::native::vectorized_elementwise_kernel<(int)4, at::native::<unnamed>::where_kernel_impl(at::TensorIterator &)::[lambda() (instance 1)]::operator ()() const::[lambda() (instance 11)]::operator ()() const::[lambda(bool, float, float) (instance 1)], std::array<char *, (unsigned long)4>>(int, T2, T3)"
0.0,96544,35,2758.4,2752.0,2592,2976,51.9,"void at::native::index_elementwise_kernel<(int)128, (int)4, void at::native::gpu_index_kernel<void at::native::index_kernel_impl<at::native::OpaqueType<(int)2>>(at::TensorIteratorBase &, c10::ArrayRef<long>, c10::ArrayRef<long>)::[lambda(char *, const char *, long) (instance 1)]>(at::TensorIteratorBase &, c10::ArrayRef<long>, c10::ArrayRef<long>, const T1 &, bool)::[lambda(int) (instance 1)]>(long, T3)"
0.0,95425,100,954.3,960.0,864,1024,36.2,"void at::native::vectorized_elementwise_kernel<(int)4, at::native::<unnamed>::launch_clamp_scalar(at::TensorIteratorBase &, c10::Scalar, c10::Scalar, at::native::detail::ClampLimits)::[lambda() (instance 1)]::operator ()() const::[lambda() (instance 7)]::operator ()() const::[lambda(float) (instance 1)], std::array<char *, (unsigned long)2>>(int, T2, T3)"
0.0,87008,96,906.3,896.0,864,1152,51.0,"void at::native::vectorized_elementwise_kernel<(int)4, at::native::BinaryFunctor<bool, bool, bool, at::native::logical_and_kernel_cuda(at::TensorIterator &)::[lambda() (instance 2)]::operator ()() const::[lambda() (instance 9)]::operator ()() const::[lambda(bool, bool) (instance 1)]>, std::array<char *, (unsigned long)3>>(int, T2, T3)"
0.0,80353,72,1116.0,1072.5,1024,1312,91.0,"void at::native::unrolled_elementwise_kernel<at::native::CUDAFunctorOnSelf_add<float>, std::array<char *, (unsigned long)2>, (int)4, TrivialOffsetCalculator<(int)1, unsigned int>, TrivialOffsetCalculator<(int)1, unsigned int>, at::native::memory::LoadWithCast<(int)1>, at::native::memory::StoreWithCast<(int)1>>(int, T1, T2, T4, T5, T6, T7)"
0.0,67840,76,892.6,864.0,832,1440,121.7,"void at::native::vectorized_elementwise_kernel<(int)4, at::native::BinaryFunctor<float, float, bool, at::native::<unnamed>::CompareEqFunctor<float>>, std::array<char *, (unsigned long)3>>(int, T2, T3)"
0.0,32000,24,1333.3,1168.0,1088,1888,262.8,"void at::native::<unnamed>::CatArrayBatchedCopy_alignedK_contig<at::native::<unnamed>::OpaqueType<(unsigned int)4>, unsigned int, (int)1, (int)128, (int)1, (int)16>(T1 *, at::native::<unnamed>::CatArrInputTensorMetadata<T1, T2, T4, T5>, at::native::<unnamed>::TensorSizeStride<T2, (unsigned int)4>, int, T2)"
0.0,24800,24,1033.3,1024.0,1024,1056,14.9,"void at::native::vectorized_elementwise_kernel<(int)4, at::native::BinaryFunctor<float, float, float, at::native::minimum_kernel_cuda(at::TensorIteratorBase &)::[lambda() (instance 2)]::operator ()() const::[lambda() (instance 2)]::operator ()() const::[lambda(float, float) (instance 1)]>, std::array<char *, (unsigned long)3>>(int, T2, T3)"
0.0,24672,24,1028.0,1024.0,1024,1056,10.8,"void at::native::vectorized_elementwise_kernel<(int)4, at::native::BinaryFunctor<float, float, float, at::native::maximum_kernel_cuda(at::TensorIteratorBase &)::[lambda() (instance 2)]::operator ()() const::[lambda() (instance 2)]::operator ()() const::[lambda(float, float) (instance 1)]>, std::array<char *, (unsigned long)3>>(int, T2, T3)"
0.0,24128,35,689.4,672.0,640,992,55.1,"void at::native::unrolled_elementwise_kernel<at::native::FillFunctor<c10::BFloat16>, std::array<char *, (unsigned long)1>, (int)4, TrivialOffsetCalculator<(int)0, unsigned int>, TrivialOffsetCalculator<(int)1, unsigned int>, at::native::memory::LoadWithoutCast, at::native::memory::StoreWithoutCast>(int, T1, T2, T4, T5, T6, T7)"
0.0,22496,24,937.3,928.0,896,960,20.0,"void at::native::vectorized_elementwise_kernel<(int)2, at::native::CUDAFunctorOnOther_add<long>, std::array<char *, (unsigned long)2>>(int, T2, T3)"
0.0,8800,8,1100.0,1104.0,1024,1184,74.4,"void at::native::lpnorm_cleanup<float, (at::native::NormType)1, float, float>(const T4 *, at::native::TensorListAddresses, int)"
0.0,7136,4,1784.0,1776.0,1760,1824,30.6,"void at::native::reduce_kernel<(int)512, (int)1, at::native::ReduceOp<float, at::native::NormTwoOps<float, float, float>, unsigned int, float, (int)4, (int)4>>(T3)"
0.0,6688,4,1672.0,1648.0,1600,1792,84.2,"void at::native::vectorized_elementwise_kernel<(int)4, at::native::BinaryFunctor<bool, bool, bool, at::native::binary_internal::MulFunctor<bool>>, std::array<char *, (unsigned long)3>>(int, T2, T3)"
0.0,5184,5,1036.8,1024.0,1024,1056,17.5,"void at::native::vectorized_elementwise_kernel<(int)2, at::native::<unnamed>::where_kernel_impl(at::TensorIterator &)::[lambda() (instance 1)]::operator ()() const::[lambda() (instance 8)]::operator ()() const::[lambda(bool, long, long) (instance 1)], std::array<char *, (unsigned long)4>>(int, T2, T3)"
0.0,4000,4,1000.0,992.0,960,1056,48.0,"void at::native::vectorized_elementwise_kernel<(int)4, at::native::reciprocal_kernel_cuda(at::TensorIteratorBase &)::[lambda() (instance 1)]::operator ()() const::[lambda() (instance 2)]::operator ()() const::[lambda(float) (instance 1)], std::array<char *, (unsigned long)2>>(int, T2, T3)"
0.0,2720,2,1360.0,1360.0,1248,1472,158.4,"void at::native::<unnamed>::CatArrayBatchedCopy_alignedK_contig<at::native::<unnamed>::OpaqueType<(unsigned int)2>, unsigned int, (int)1, (int)128, (int)1, (int)8>(T1 *, at::native::<unnamed>::CatArrInputTensorMetadata<T1, T2, T4, T5>, at::native::<unnamed>::TensorSizeStride<T2, (unsigned int)4>, int, T2)"
