0, 99 %, 544.27 W;1, 99 %, 505.92 W;2, 98 %, 522.65 W;3, 0 %, 10.22 W; @1786707139
0, 100 %, 530.09 W;1, 100 %, 489.55 W;2, 99 %, 507.12 W;3, 0 %, 9.06 W; @1786707141
0, 99 %, 558.55 W;1, 99 %, 514.08 W;2, 77 %, 532.81 W;3, 0 %, 10.08 W; @1786707143
0, 99 %, 535.96 W;1, 99 %, 509.20 W;2, 99 %, 532.72 W;3, 0 %, 10.23 W; @1786707145
0, 98 %, 553.55 W;1, 99 %, 506.65 W;2, 98 %, 527.05 W;3, 0 %, 10.21 W; @1786707147
0, 99 %, 560.95 W;1, 98 %, 520.80 W;2, 99 %, 538.00 W;3, 0 %, 10.34 W; @1786707149
0, 0 %, 176.12 W;1, 0 %, 211.38 W;2, 0 %, 169.28 W;3, 0 %, 7.81 W; @1786707151
0, 0 %, 67.40 W;1, 0 %, 69.33 W;2, 0 %, 61.56 W;3, 0 %, 7.76 W; @1786707154
0, 0 %, 66.92 W;1, 0 %, 68.60 W;2, 0 %, 60.92 W;3, 0 %, 7.79 W; @1786707156
0, 98 %, 485.88 W;1, 98 %, 435.12 W;2, 98 %, 445.01 W;3, 0 %, 8.72 W; @1786707158
0, 98 %, 534.77 W;1, 98 %, 495.45 W;2, 87 %, 512.27 W;3, 0 %, 10.75 W; @1786707160
0, 0 %, 278.12 W;1, 0 %, 276.81 W;2, 11 %, 258.58 W;3, 0 %, 10.65 W; @1786707162
0, 0 %, 70.47 W;1, 0 %, 76.76 W;2, 0 %, 72.09 W;3, 0 %, 7.30 W; @1786707164
0, 0 %, 66.57 W;1, 0 %, 67.96 W;2, 0 %, 60.82 W;3, 0 %, 7.71 W; @1786707167
0, 98 %, 497.82 W;1, 98 %, 433.05 W;2, 98 %, 504.86 W;3, 0 %, 8.78 W; @1786707169
0, 99 %, 553.40 W;1, 98 %, 510.19 W;2, 97 %, 529.30 W;3, 0 %, 10.35 W; @1786707171
0, 0 %, 99.37 W;1, 0 %, 90.79 W;2, 0 %, 91.03 W;3, 0 %, 10.21 W; @1786707173
0, 0 %, 66.82 W;1, 0 %, 68.87 W;2, 0 %, 61.27 W;3, 0 %, 7.70 W; @1786707175
0, 0 %, 66.08 W;1, 0 %, 68.67 W;2, 0 %, 60.38 W;3, 0 %, 7.91 W; @1786707177
0, 0 %, 65.95 W;1, 0 %, 68.06 W;2, 0 %, 60.12 W;3, 0 %, 7.71 W; @1786707180
0, 0 %, 65.90 W;1, 0 %, 67.41 W;2, 0 %, 59.69 W;3, 0 %, 7.36 W; @1786707182
0, 0 %, 65.65 W;1, 0 %, 67.73 W;2, 83 %, 59.62 W;3, 0 %, 7.38 W; @1786707184
0, 99 %, 547.26 W;1, 99 %, 511.46 W;2, 99 %, 529.55 W;3, 0 %, 9.83 W; @1786707186
0, 99 %, 534.77 W;1, 99 %, 492.68 W;2, 100 %, 511.06 W;3, 0 %, 10.61 W; @1786707188
0, 98 %, 550.10 W;1, 99 %, 504.29 W;2, 80 %, 523.82 W;3, 0 %, 10.56 W; @1786707190
0, 99 %, 554.40 W;1, 99 %, 509.14 W;2, 99 %, 532.17 W;3, 0 %, 10.56 W; @1786707192
0, 98 %, 550.64 W;1, 98 %, 508.91 W;2, 98 %, 527.07 W;3, 0 %, 10.73 W; @1786707194
0, 99 %, 551.69 W;1, 99 %, 519.66 W;2, 99 %, 537.74 W;3, 0 %, 10.74 W; @1786707197
0, 99 %, 554.19 W;1, 99 %, 506.53 W;2, 99 %, 530.27 W;3, 0 %, 10.49 W; @1786707199
0, 0 %, 141.74 W;1, 0 %, 180.61 W;2, 0 %, 150.24 W;3, 0 %, 10.13 W; @1786707201
0, 0 %, 68.13 W;1, 0 %, 70.17 W;2, 0 %, 63.00 W;3, 0 %, 7.26 W; @1786707203
0, 0 %, 67.78 W;1, 0 %, 68.99 W;2, 0 %, 62.37 W;3, 0 %, 7.53 W; @1786707205
0, 98 %, 541.50 W;1, 98 %, 501.04 W;2, 98 %, 516.84 W;3, 0 %, 8.99 W; @1786707207
0, 99 %, 543.04 W;1, 98 %, 494.70 W;2, 98 %, 518.43 W;3, 0 %, 10.64 W; @1786707209
0, 0 %, 311.83 W;1, 0 %, 91.86 W;2, 18 %, 93.68 W;3, 0 %, 8.18 W; @1786707212
0, 0 %, 67.84 W;1, 0 %, 69.60 W;2, 0 %, 63.15 W;3, 0 %, 7.44 W; @1786707214
0, 0 %, 67.22 W;1, 0 %, 68.94 W;2, 0 %, 62.30 W;3, 0 %, 7.66 W; @1786707216
0, 100 %, 559.13 W;1, 99 %, 503.22 W;2, 98 %, 531.90 W;3, 0 %, 9.38 W; @1786707218
0, 98 %, 555.57 W;1, 98 %, 509.34 W;2, 98 %, 529.04 W;3, 0 %, 10.27 W; @1786707220
0, 0 %, 99.36 W;1, 0 %, 90.64 W;2, 0 %, 91.78 W;3, 0 %, 8.14 W; @1786707222
0, 0 %, 67.23 W;1, 0 %, 69.21 W;2, 0 %, 61.75 W;3, 0 %, 7.11 W; @1786707225
0, 0 %, 67.14 W;1, 0 %, 68.39 W;2, 0 %, 61.17 W;3, 0 %, 7.41 W; @1786707227
0, 0 %, 66.53 W;1, 0 %, 67.77 W;2, 0 %, 60.92 W;3, 0 %, 7.20 W; @1786707229
0, 0 %, 66.39 W;1, 0 %, 67.88 W;2, 0 %, 60.36 W;3, 0 %, 7.63 W; @1786707231
0, 99 %, 536.91 W;1, 99 %, 493.57 W;2, 100 %, 510.18 W;3, 0 %, 8.85 W; @1786707233
0, 98 %, 553.52 W;1, 98 %, 508.58 W;2, 87 %, 527.67 W;3, 0 %, 10.72 W; @1786707235
0, 99 %, 561.83 W;1, 99 %, 519.20 W;2, 99 %, 537.10 W;3, 0 %, 10.63 W; @1786707238
0, 100 %, 539.66 W;1, 100 %, 498.72 W;2, 99 %, 514.50 W;3, 0 %, 10.74 W; @1786707240
0, 99 %, 559.86 W;1, 99 %, 520.39 W;2, 98 %, 533.20 W;3, 0 %, 10.41 W; @1786707242
0, 99 %, 560.53 W;1, 99 %, 504.09 W;2, 99 %, 530.24 W;3, 0 %, 10.70 W; @1786707244
0, 98 %, 550.11 W;1, 98 %, 503.11 W;2, 100 %, 521.76 W;3, 0 %, 11.00 W; @1786707246
0, 99 %, 411.73 W;1, 6 %, 435.04 W;2, 86 %, 363.21 W;3, 0 %, 11.09 W; @1786707248
0, 6 %, 86.99 W;1, 6 %, 82.50 W;2, 22 %, 84.37 W;3, 0 %, 49.52 W; @1786707250
0, 7 %, 69.28 W;1, 6 %, 70.29 W;2, 25 %, 63.48 W;3, 0 %, 49.64 W; @1786707252
0, 0 %, 67.47 W;1, 0 %, 69.74 W;2, 0 %, 62.05 W;3, 0 %, 49.63 W; @1786707254
0, 0 %, 67.29 W;1, 0 %, 69.00 W;2, 0 %, 61.83 W;3, 0 %, 49.85 W; @1786707256
0, 0 %, 66.70 W;1, 0 %, 68.19 W;2, 0 %, 61.17 W;3, 0 %, 49.73 W; @1786707259
0, 0 %, 66.41 W;1, 0 %, 67.66 W;2, 0 %, 60.74 W;3, 0 %, 50.14 W; @1786707261
0, 0 %, 66.77 W;1, 0 %, 67.57 W;2, 0 %, 60.55 W;3, 0 %, 50.04 W; @1786707263
0, 0 %, 66.40 W;1, 0 %, 67.29 W;2, 0 %, 60.23 W;3, 0 %, 50.11 W; @1786707265
0, 0 %, 66.08 W;1, 0 %, 66.96 W;2, 0 %, 60.10 W;3, 0 %, 12.87 W; @1786707267
0, 0 %, 56.17 W;1, 0 %, 66.94 W;2, 0 %, 59.77 W;3, 0 %, 7.71 W; @1786707269
0, 0 %, 25.07 W;1, 0 %, 38.03 W;2, 0 %, 23.34 W;3, 0 %, 7.54 W; @1786707271
0, 0 %, 23.67 W;1, 0 %, 25.82 W;2, 0 %, 15.32 W;3, 0 %, 7.40 W; @1786707274
0, 0 %, 23.01 W;1, 0 %, 25.76 W;2, 0 %, 15.08 W;3, 0 %, 7.33 W; @1786707276
0, 0 %, 23.25 W;1, 0 %, 25.92 W;2, 0 %, 15.64 W;3, 0 %, 7.55 W; @1786707278
0, 0 %, 23.27 W;1, 0 %, 25.56 W;2, 0 %, 15.14 W;3, 0 %, 7.26 W; @1786707280
0, 0 %, 23.59 W;1, 0 %, 25.41 W;2, 0 %, 14.73 W;3, 0 %, 7.45 W; @1786707282
0, 0 %, 23.18 W;1, 0 %, 25.44 W;2, 0 %, 14.98 W;3, 0 %, 7.26 W; @1786707284
0, 0 %, 23.38 W;1, 0 %, 24.86 W;2, 0 %, 14.70 W;3, 0 %, 7.37 W; @1786707286
0, 0 %, 23.08 W;1, 0 %, 24.81 W;2, 0 %, 14.69 W;3, 0 %, 7.29 W; @1786707288
0, 0 %, 22.63 W;1, 0 %, 24.62 W;2, 0 %, 14.42 W;3, 0 %, 7.34 W; @1786707291
0, 0 %, 23.21 W;1, 0 %, 24.18 W;2, 0 %, 14.48 W;3, 0 %, 7.25 W; @1786707293
0, 0 %, 22.62 W;1, 0 %, 24.15 W;2, 0 %, 14.09 W;3, 0 %, 7.17 W; @1786707295
0, 0 %, 22.24 W;1, 0 %, 23.76 W;2, 0 %, 13.99 W;3, 0 %, 7.33 W; @1786707297
0, 0 %, 22.48 W;1, 0 %, 24.29 W;2, 0 %, 14.11 W;3, 0 %, 7.49 W; @1786707299
0, 0 %, 22.36 W;1, 0 %, 23.68 W;2, 0 %, 14.23 W;3, 0 %, 7.27 W; @1786707301
0, 9 %, 43.09 W;1, 17 %, 43.33 W;2, 0 %, 13.73 W;3, 0 %, 7.13 W; @1786707303
0, 100 %, 104.20 W;1, 0 %, 64.31 W;2, 0 %, 83.48 W;3, 100 %, 91.17 W; @1786707305
0, 5 %, 114.18 W;1, 0 %, 63.26 W;2, 0 %, 56.63 W;3, 3 %, 86.56 W; @1786707308
0, 0 %, 77.78 W;1, 0 %, 62.69 W;2, 0 %, 55.45 W;3, 33 %, 281.29 W; @1786707310
0, 0 %, 64.29 W;1, 0 %, 62.29 W;2, 0 %, 55.54 W;3, 43 %, 343.93 W; @1786707312
0, 0 %, 64.11 W;1, 0 %, 62.53 W;2, 0 %, 55.59 W;3, 44 %, 274.65 W; @1786707314
0, 0 %, 64.30 W;1, 0 %, 62.39 W;2, 0 %, 55.96 W;3, 53 %, 333.34 W; @1786707316
0, 0 %, 64.20 W;1, 0 %, 62.13 W;2, 0 %, 55.94 W;3, 15 %, 225.49 W; @1786707318
0, 0 %, 64.24 W;1, 0 %, 62.25 W;2, 0 %, 55.85 W;3, 45 %, 305.69 W; @1786707320
0, 0 %, 64.44 W;1, 0 %, 42.83 W;2, 20 %, 56.03 W;3, 28 %, 214.01 W; @1786707322
0, 0 %, 64.24 W;1, 0 %, 63.72 W;2, 0 %, 55.95 W;3, 20 %, 163.96 W; @1786707325
0, 0 %, 64.40 W;1, 0 %, 62.43 W;2, 0 %, 55.78 W;3, 17 %, 192.35 W; @1786707327
0, 99 %, 516.97 W;1, 99 %, 476.67 W;2, 98 %, 491.77 W;3, 47 %, 288.50 W; @1786707329
0, 98 %, 467.40 W;1, 98 %, 424.18 W;2, 52 %, 439.16 W;3, 19 %, 243.29 W; @1786707331
0, 0 %, 174.78 W;1, 0 %, 113.44 W;2, 47 %, 128.06 W;3, 13 %, 205.82 W; @1786707334
0, 0 %, 68.18 W;1, 0 %, 64.34 W;2, 0 %, 57.94 W;3, 74 %, 216.54 W; @1786707336
0, 0 %, 65.16 W;1, 0 %, 63.65 W;2, 0 %, 56.87 W;3, 17 %, 181.41 W; @1786707338
0, 55 %, 349.41 W;1, 62 %, 333.74 W;2, 44 %, 355.64 W;3, 17 %, 177.18 W; @1786707341
0, 98 %, 486.34 W;1, 88 %, 450.27 W;2, 99 %, 466.09 W;3, 54 %, 259.81 W; @1786707343
0, 0 %, 96.82 W;1, 0 %, 87.41 W;2, 0 %, 86.11 W;3, 17 %, 148.33 W; @1786707345
0, 0 %, 65.44 W;1, 0 %, 64.94 W;2, 0 %, 57.93 W;3, 14 %, 128.76 W; @1786707348
0, 0 %, 65.31 W;1, 0 %, 64.37 W;2, 0 %, 57.81 W;3, 7 %, 130.66 W; @1786707350
0, 0 %, 64.99 W;1, 0 %, 64.21 W;2, 0 %, 57.45 W;3, 12 %, 117.40 W; @1786707352
0, 0 %, 64.86 W;1, 0 %, 63.62 W;2, 0 %, 56.49 W;3, 34 %, 198.34 W; @1786707354
0, 0 %, 64.87 W;1, 0 %, 63.33 W;2, 0 %, 56.04 W;3, 30 %, 176.19 W; @1786707357
0, 98 %, 504.71 W;1, 98 %, 466.27 W;2, 0 %, 410.93 W;3, 37 %, 158.81 W; @1786707359
0, 99 %, 488.59 W;1, 99 %, 450.67 W;2, 99 %, 449.33 W;3, 25 %, 146.74 W; @1786707361
0, 99 %, 539.68 W;1, 98 %, 492.38 W;2, 100 %, 514.40 W;3, 27 %, 136.34 W; @1786707363
0, 83 %, 501.35 W;1, 37 %, 456.12 W;2, 99 %, 480.66 W;3, 19 %, 117.29 W; @1786707365
0, 99 %, 527.72 W;1, 99 %, 479.28 W;2, 99 %, 503.74 W;3, 0 %, 52.30 W; @1786707367
0, 99 %, 550.87 W;1, 99 %, 508.01 W;2, 99 %, 528.13 W;3, 0 %, 51.95 W; @1786707369
0, 99 %, 370.60 W;1, 99 %, 494.21 W;2, 100 %, 508.57 W;3, 0 %, 52.08 W; @1786707371
0, 99 %, 401.68 W;1, 100 %, 190.34 W;2, 99 %, 280.06 W;3, 0 %, 51.30 W; @1786707374
0, 0 %, 83.65 W;1, 0 %, 79.23 W;2, 0 %, 76.15 W;3, 0 %, 50.86 W; @1786707376
0, 0 %, 220.29 W;1, 0 %, 66.97 W;2, 0 %, 59.84 W;3, 0 %, 50.91 W; @1786707378
0, 100 %, 545.53 W;1, 99 %, 493.15 W;2, 85 %, 511.55 W;3, 0 %, 51.74 W; @1786707380
0, 98 %, 543.41 W;1, 99 %, 496.20 W;2, 99 %, 515.63 W;3, 0 %, 51.77 W; @1786707382
0, 0 %, 97.06 W;1, 0 %, 88.78 W;2, 0 %, 89.49 W;3, 0 %, 8.95 W; @1786707385
0, 0 %, 66.31 W;1, 0 %, 68.18 W;2, 0 %, 60.57 W;3, 0 %, 8.24 W; @1786707387
0, 0 %, 232.48 W;1, 0 %, 211.29 W;2, 99 %, 175.64 W;3, 0 %, 8.37 W; @1786707389
0, 99 %, 554.37 W;1, 99 %, 507.75 W;2, 99 %, 528.21 W;3, 0 %, 10.60 W; @1786707391
0, 0 %, 197.49 W;1, 0 %, 223.35 W;2, 0 %, 257.33 W;3, 0 %, 10.84 W; @1786707393
0, 0 %, 66.68 W;1, 0 %, 68.36 W;2, 0 %, 60.63 W;3, 0 %, 7.58 W; @1786707396
0, 0 %, 66.33 W;1, 0 %, 67.50 W;2, 0 %, 60.20 W;3, 0 %, 7.65 W; @1786707398
0, 0 %, 65.93 W;1, 0 %, 66.57 W;2, 0 %, 59.47 W;3, 0 %, 7.86 W; @1786707400
0, 0 %, 66.22 W;1, 0 %, 66.54 W;2, 0 %, 59.37 W;3, 0 %, 7.72 W; @1786707402
0, 99 %, 529.91 W;1, 99 %, 488.92 W;2, 99 %, 507.11 W;3, 0 %, 10.49 W; @1786707404
0, 98 %, 549.47 W;1, 84 %, 510.89 W;2, 99 %, 525.16 W;3, 0 %, 10.81 W; @1786707406
0, 99 %, 535.12 W;1, 99 %, 491.59 W;2, 99 %, 512.24 W;3, 0 %, 10.74 W; @1786707408
0, 99 %, 552.35 W;1, 98 %, 506.12 W;2, 99 %, 526.46 W;3, 0 %, 10.66 W; @1786707411
0, 99 %, 558.81 W;1, 99 %, 513.20 W;2, 99 %, 537.09 W;3, 0 %, 10.89 W; @1786707413
0, 98 %, 554.65 W;1, 98 %, 507.59 W;2, 98 %, 525.99 W;3, 0 %, 10.92 W; @1786707415
0, 99 %, 564.23 W;1, 99 %, 518.16 W;2, 99 %, 537.34 W;3, 0 %, 10.39 W; @1786707417
0, 0 %, 224.95 W;1, 0 %, 240.23 W;2, 0 %, 216.38 W;3, 0 %, 10.24 W; @1786707419
0, 0 %, 71.80 W;1, 0 %, 69.93 W;2, 0 %, 66.37 W;3, 0 %, 7.49 W; @1786707421
0, 0 %, 67.51 W;1, 0 %, 68.69 W;2, 0 %, 62.07 W;3, 0 %, 7.64 W; @1786707423
0, 98 %, 543.72 W;1, 98 %, 501.54 W;2, 89 %, 518.85 W;3, 0 %, 10.87 W; @1786707425
0, 98 %, 545.93 W;1, 98 %, 502.84 W;2, 100 %, 522.48 W;3, 0 %, 10.64 W; @1786707427
0, 0 %, 122.82 W;1, 0 %, 104.11 W;2, 9 %, 94.39 W;3, 0 %, 9.90 W; @1786707430
0, 0 %, 67.92 W;1, 0 %, 69.41 W;2, 0 %, 62.88 W;3, 0 %, 7.07 W; @1786707432
0, 0 %, 66.78 W;1, 0 %, 68.87 W;2, 0 %, 61.96 W;3, 0 %, 7.31 W; @1786707434
0, 98 %, 555.80 W;1, 98 %, 513.92 W;2, 98 %, 527.73 W;3, 0 %, 10.59 W; @1786707436
0, 98 %, 545.53 W;1, 87 %, 510.24 W;2, 98 %, 530.73 W;3, 0 %, 10.32 W; @1786707438
0, 0 %, 99.29 W;1, 0 %, 90.91 W;2, 0 %, 92.24 W;3, 0 %, 7.16 W; @1786707441
0, 0 %, 67.46 W;1, 0 %, 68.83 W;2, 0 %, 62.10 W;3, 0 %, 7.14 W; @1786707443
0, 0 %, 67.19 W;1, 0 %, 67.89 W;2, 0 %, 61.38 W;3, 0 %, 7.48 W; @1786707445
0, 0 %, 66.76 W;1, 0 %, 68.07 W;2, 0 %, 60.95 W;3, 0 %, 7.15 W; @1786707447
0, 0 %, 66.41 W;1, 0 %, 67.56 W;2, 0 %, 60.19 W;3, 0 %, 7.42 W; @1786707449
0, 99 %, 535.39 W;1, 100 %, 456.82 W;2, 98 %, 491.00 W;3, 0 %, 9.02 W; @1786707451
0, 98 %, 550.85 W;1, 98 %, 508.40 W;2, 99 %, 525.90 W;3, 0 %, 10.28 W; @1786707454
0, 99 %, 558.79 W;1, 99 %, 516.32 W;2, 99 %, 536.25 W;3, 0 %, 10.41 W; @1786707456
0, 94 %, 538.53 W;1, 100 %, 496.80 W;2, 99 %, 513.89 W;3, 0 %, 10.41 W; @1786707458
0, 99 %, 562.73 W;1, 99 %, 520.85 W;2, 99 %, 538.08 W;3, 0 %, 10.50 W; @1786707460
0, 100 %, 543.63 W;1, 92 %, 382.41 W;2, 99 %, 425.86 W;3, 0 %, 9.85 W; @1786707462
0, 86 %, 557.57 W;1, 99 %, 514.89 W;2, 98 %, 533.23 W;3, 0 %, 10.67 W; @1786707464
0, 99 %, 563.32 W;1, 99 %, 520.44 W;2, 99 %, 541.45 W;3, 0 %, 10.58 W; @1786707466
0, 0 %, 100.41 W;1, 0 %, 92.01 W;2, 0 %, 92.70 W;3, 0 %, 7.68 W; @1786707468
0, 0 %, 68.34 W;1, 0 %, 69.81 W;2, 0 %, 62.70 W;3, 0 %, 7.63 W; @1786707471
0, 98 %, 442.94 W;1, 98 %, 358.59 W;2, 0 %, 397.65 W;3, 0 %, 8.13 W; @1786707473
0, 98 %, 545.78 W;1, 99 %, 500.41 W;2, 99 %, 524.86 W;3, 0 %, 10.77 W; @1786707475
0, 98 %, 546.68 W;1, 89 %, 502.65 W;2, 98 %, 521.03 W;3, 0 %, 10.90 W; @1786707477
0, 0 %, 93.33 W;1, 0 %, 87.37 W;2, 0 %, 86.91 W;3, 0 %, 7.79 W; @1786707479
0, 0 %, 68.26 W;1, 0 %, 69.70 W;2, 0 %, 62.72 W;3, 0 %, 7.57 W; @1786707481
0, 0 %, 67.69 W;1, 0 %, 68.87 W;2, 0 %, 62.03 W;3, 0 %, 7.76 W; @1786707484
0, 99 %, 559.76 W;1, 99 %, 517.37 W;2, 98 %, 538.02 W;3, 0 %, 10.65 W; @1786707486
0, 99 %, 558.14 W;1, 99 %, 515.14 W;2, 99 %, 535.76 W;3, 0 %, 10.52 W; @1786707488
0, 0 %, 99.17 W;1, 0 %, 90.97 W;2, 0 %, 91.44 W;3, 0 %, 7.32 W; @1786707490
0, 0 %, 67.71 W;1, 0 %, 69.73 W;2, 0 %, 62.17 W;3, 0 %, 6.95 W; @1786707492
0, 0 %, 66.96 W;1, 0 %, 68.92 W;2, 0 %, 62.02 W;3, 0 %, 7.33 W; @1786707494
0, 0 %, 66.66 W;1, 0 %, 68.60 W;2, 0 %, 61.24 W;3, 0 %, 7.57 W; @1786707497
0, 0 %, 115.27 W;1, 0 %, 108.78 W;2, 0 %, 103.32 W;3, 0 %, 7.17 W; @1786707499
0, 99 %, 552.28 W;1, 99 %, 505.23 W;2, 99 %, 527.13 W;3, 0 %, 9.78 W; @1786707501
0, 98 %, 549.42 W;1, 98 %, 503.72 W;2, 99 %, 523.99 W;3, 0 %, 10.83 W; @1786707503
0, 99 %, 560.35 W;1, 99 %, 517.10 W;2, 99 %, 537.41 W;3, 0 %, 10.48 W; @1786707505
0, 99 %, 540.01 W;1, 99 %, 499.89 W;2, 99 %, 521.77 W;3, 0 %, 10.68 W; @1786707507
0, 99 %, 561.47 W;1, 99 %, 522.47 W;2, 99 %, 542.72 W;3, 0 %, 10.24 W; @1786707509
0, 99 %, 545.36 W;1, 99 %, 503.22 W;2, 99 %, 524.00 W;3, 0 %, 10.25 W; @1786707511
0, 98 %, 554.59 W;1, 98 %, 512.79 W;2, 86 %, 533.17 W;3, 0 %, 10.60 W; @1786707513
0, 99 %, 563.58 W;1, 99 %, 522.50 W;2, 99 %, 541.24 W;3, 0 %, 10.34 W; @1786707516
0, 11 %, 101.45 W;1, 10 %, 93.96 W;2, 41 %, 94.68 W;3, 0 %, 49.15 W; @1786707518
0, 6 %, 69.41 W;1, 6 %, 70.75 W;2, 19 %, 64.75 W;3, 0 %, 49.68 W; @1786707520
0, 0 %, 67.99 W;1, 0 %, 70.14 W;2, 0 %, 63.22 W;3, 0 %, 49.63 W; @1786707522
0, 0 %, 67.29 W;1, 0 %, 69.63 W;2, 0 %, 62.18 W;3, 0 %, 50.03 W; @1786707524
0, 0 %, 66.61 W;1, 0 %, 69.13 W;2, 0 %, 61.76 W;3, 0 %, 49.90 W; @1786707526
0, 0 %, 66.67 W;1, 0 %, 69.02 W;2, 0 %, 61.55 W;3, 0 %, 49.83 W; @1786707528
0, 0 %, 66.44 W;1, 0 %, 68.54 W;2, 0 %, 60.84 W;3, 0 %, 49.60 W; @1786707530
0, 0 %, 66.05 W;1, 0 %, 68.03 W;2, 0 %, 60.74 W;3, 0 %, 49.62 W; @1786707532
0, 0 %, 65.80 W;1, 0 %, 68.35 W;2, 0 %, 60.71 W;3, 0 %, 13.56 W; @1786707535
0, 0 %, 66.01 W;1, 0 %, 67.78 W;2, 0 %, 58.63 W;3, 0 %, 7.70 W; @1786707537
0, 0 %, 23.92 W;1, 0 %, 32.31 W;2, 0 %, 16.43 W;3, 0 %, 6.95 W; @1786707539
0, 0 %, 22.64 W;1, 0 %, 26.67 W;2, 0 %, 15.84 W;3, 0 %, 7.04 W; @1786707541
0, 0 %, 22.57 W;1, 0 %, 26.57 W;2, 0 %, 15.45 W;3, 0 %, 7.06 W; @1786707543
0, 0 %, 22.33 W;1, 0 %, 26.55 W;2, 0 %, 15.39 W;3, 0 %, 6.87 W; @1786707545
0, 0 %, 22.48 W;1, 0 %, 26.35 W;2, 0 %, 15.07 W;3, 0 %, 7.06 W; @1786707547
0, 0 %, 22.14 W;1, 0 %, 25.99 W;2, 0 %, 14.89 W;3, 0 %, 7.27 W; @1786707550
0, 0 %, 22.68 W;1, 0 %, 25.88 W;2, 0 %, 14.55 W;3, 0 %, 7.11 W; @1786707552
0, 0 %, 22.32 W;1, 0 %, 26.02 W;2, 0 %, 14.88 W;3, 0 %, 6.64 W; @1786707554
0, 0 %, 21.88 W;1, 0 %, 25.62 W;2, 0 %, 14.59 W;3, 0 %, 7.23 W; @1786707556
0, 0 %, 21.81 W;1, 0 %, 25.79 W;2, 0 %, 14.28 W;3, 0 %, 6.90 W; @1786707558
0, 0 %, 22.08 W;1, 0 %, 24.89 W;2, 0 %, 14.43 W;3, 0 %, 7.23 W; @1786707560
0, 0 %, 21.69 W;1, 0 %, 23.98 W;2, 0 %, 14.19 W;3, 0 %, 7.05 W; @1786707562
0, 0 %, 21.48 W;1, 0 %, 24.67 W;2, 0 %, 14.11 W;3, 0 %, 7.02 W; @1786707565
0, 0 %, 21.36 W;1, 0 %, 24.88 W;2, 0 %, 14.06 W;3, 0 %, 7.15 W; @1786707567
0, 0 %, 21.09 W;1, 0 %, 24.61 W;2, 0 %, 13.87 W;3, 0 %, 7.15 W; @1786707569
0, 0 %, 21.25 W;1, 0 %, 24.62 W;2, 0 %, 13.82 W;3, 0 %, 7.36 W; @1786707571
0, 0 %, 33.19 W;1, 0 %, 33.68 W;2, 36 %, 59.70 W;3, 0 %, 7.45 W; @1786707573
0, 27 %, 69.26 W;1, 0 %, 64.20 W;2, 0 %, 56.30 W;3, 0 %, 7.54 W; @1786707575
0, 100 %, 113.31 W;1, 0 %, 64.46 W;2, 0 %, 56.23 W;3, 100 %, 93.58 W; @1786707577
0, 0 %, 93.04 W;1, 0 %, 64.47 W;2, 0 %, 56.79 W;3, 100 %, 171.95 W; @1786707579
0, 0 %, 63.90 W;1, 0 %, 64.28 W;2, 0 %, 56.51 W;3, 0 %, 66.11 W; @1786707581
0, 0 %, 64.12 W;1, 0 %, 64.98 W;2, 0 %, 56.10 W;3, 100 %, 444.46 W; @1786707584
0, 0 %, 63.65 W;1, 0 %, 62.98 W;2, 0 %, 55.97 W;3, 100 %, 404.67 W; @1786707586
0, 0 %, 63.74 W;1, 0 %, 63.00 W;2, 0 %, 55.85 W;3, 50 %, 254.45 W; @1786707588
0, 0 %, 63.81 W;1, 0 %, 62.90 W;2, 0 %, 54.05 W;3, 68 %, 277.47 W; @1786707590
0, 0 %, 63.49 W;1, 0 %, 30.24 W;2, 0 %, 18.06 W;3, 54 %, 270.38 W; @1786707592
0, 0 %, 63.26 W;1, 0 %, 24.33 W;2, 0 %, 17.15 W;3, 17 %, 264.78 W; @1786707594
0, 0 %, 24.30 W;1, 0 %, 24.37 W;2, 0 %, 16.22 W;3, 90 %, 278.75 W; @1786707596
0, 0 %, 23.26 W;1, 0 %, 24.43 W;2, 0 %, 16.09 W;3, 43 %, 282.84 W; @1786707599
0, 0 %, 49.11 W;1, 0 %, 47.49 W;2, 0 %, 40.44 W;3, 21 %, 166.97 W; @1786707601
0, 0 %, 77.66 W;1, 0 %, 73.14 W;2, 0 %, 55.76 W;3, 15 %, 143.73 W; @1786707603
0, 0 %, 78.21 W;1, 0 %, 72.92 W;2, 0 %, 55.70 W;3, 28 %, 203.24 W; @1786707606
0, 99 %, 396.68 W;1, 98 %, 480.51 W;2, 98 %, 349.49 W;3, 52 %, 297.40 W; @1786707608
0, 99 %, 452.30 W;1, 99 %, 409.57 W;2, 99 %, 440.15 W;3, 64 %, 236.12 W; @1786707610
0, 59 %, 344.36 W;1, 51 %, 330.66 W;2, 98 %, 317.53 W;3, 51 %, 157.52 W; @1786707612
0, 0 %, 92.21 W;1, 0 %, 85.39 W;2, 0 %, 83.38 W;3, 21 %, 145.74 W; @1786707615
0, 0 %, 64.78 W;1, 0 %, 63.74 W;2, 0 %, 56.97 W;3, 17 %, 166.41 W; @1786707617
0, 0 %, 64.56 W;1, 0 %, 64.06 W;2, 0 %, 56.82 W;3, 13 %, 151.07 W; @1786707619
0, 58 %, 366.24 W;1, 78 %, 319.96 W;2, 96 %, 381.34 W;3, 44 %, 251.59 W; @1786707621
0, 98 %, 547.70 W;1, 99 %, 496.58 W;2, 88 %, 514.98 W;3, 44 %, 234.99 W; @1786707623
0, 0 %, 241.44 W;1, 0 %, 238.26 W;2, 0 %, 209.22 W;3, 14 %, 137.49 W; @1786707625
0, 0 %, 65.11 W;1, 0 %, 65.22 W;2, 0 %, 57.92 W;3, 10 %, 116.07 W; @1786707628
0, 0 %, 65.03 W;1, 0 %, 64.62 W;2, 0 %, 57.60 W;3, 27 %, 140.82 W; @1786707630
0, 0 %, 64.60 W;1, 0 %, 64.36 W;2, 0 %, 57.06 W;3, 21 %, 133.93 W; @1786707632
0, 0 %, 64.40 W;1, 0 %, 64.42 W;2, 0 %, 56.33 W;3, 23 %, 128.65 W; @1786707635
0, 0 %, 64.53 W;1, 0 %, 64.98 W;2, 0 %, 56.35 W;3, 9 %, 88.19 W; @1786707637
0, 0 %, 163.35 W;1, 0 %, 96.34 W;2, 98 %, 160.19 W;3, 22 %, 102.40 W; @1786707639
0, 99 %, 486.96 W;1, 65 %, 437.62 W;2, 98 %, 444.82 W;3, 0 %, 63.43 W; @1786707641
0, 98 %, 543.66 W;1, 84 %, 449.68 W;2, 99 %, 385.11 W;3, 0 %, 51.42 W; @1786707643
0, 99 %, 547.39 W;1, 99 %, 502.62 W;2, 99 %, 524.72 W;3, 0 %, 51.42 W; @1786707645
0, 99 %, 535.85 W;1, 99 %, 489.52 W;2, 99 %, 512.47 W;3, 0 %, 51.50 W; @1786707647
0, 98 %, 545.98 W;1, 98 %, 505.63 W;2, 99 %, 525.76 W;3, 0 %, 51.34 W; @1786707649
0, 99 %, 553.32 W;1, 99 %, 514.36 W;2, 99 %, 536.41 W;3, 0 %, 51.64 W; @1786707652
0, 99 %, 537.71 W;1, 99 %, 496.32 W;2, 99 %, 514.43 W;3, 0 %, 51.45 W; @1786707654
0, 0 %, 330.86 W;1, 85 %, 318.25 W;2, 0 %, 220.54 W;3, 0 %, 50.78 W; @1786707656
0, 0 %, 66.63 W;1, 0 %, 70.82 W;2, 0 %, 63.89 W;3, 0 %, 18.75 W; @1786707658
0, 0 %, 66.14 W;1, 0 %, 67.79 W;2, 0 %, 60.31 W;3, 0 %, 8.99 W; @1786707661
0, 98 %, 539.47 W;1, 98 %, 494.71 W;2, 99 %, 515.71 W;3, 0 %, 9.85 W; @1786707663
0, 93 %, 540.33 W;1, 99 %, 497.62 W;2, 99 %, 520.67 W;3, 0 %, 10.88 W; @1786707665
0, 0 %, 98.77 W;1, 0 %, 90.16 W;2, 0 %, 90.81 W;3, 0 %, 8.93 W; @1786707667
0, 2 %, 66.61 W;1, 0 %, 68.35 W;2, 0 %, 60.74 W;3, 0 %, 8.10 W; @1786707669
0, 98 %, 209.71 W;1, 99 %, 166.57 W;2, 0 %, 240.97 W;3, 0 %, 8.11 W; @1786707671
0, 98 %, 552.85 W;1, 98 %, 508.42 W;2, 100 %, 528.89 W;3, 0 %, 10.30 W; @1786707673
0, 0 %, 246.89 W;1, 0 %, 257.82 W;2, 0 %, 167.26 W;3, 0 %, 10.25 W; @1786707676
0, 0 %, 66.30 W;1, 0 %, 68.68 W;2, 0 %, 60.68 W;3, 0 %, 7.85 W; @1786707678
0, 0 %, 65.81 W;1, 0 %, 68.23 W;2, 0 %, 60.27 W;3, 0 %, 8.13 W; @1786707680
0, 0 %, 65.85 W;1, 0 %, 67.58 W;2, 0 %, 59.54 W;3, 0 %, 7.88 W; @1786707683
0, 0 %, 65.94 W;1, 0 %, 67.36 W;2, 0 %, 59.75 W;3, 0 %, 7.90 W; @1786707685
0, 100 %, 530.86 W;1, 93 %, 491.88 W;2, 99 %, 508.44 W;3, 0 %, 9.38 W; @1786707687
0, 99 %, 558.40 W;1, 99 %, 516.32 W;2, 99 %, 533.53 W;3, 0 %, 10.40 W; @1786707689
0, 100 %, 531.51 W;1, 100 %, 491.28 W;2, 99 %, 511.77 W;3, 0 %, 10.61 W; @1786707691
0, 99 %, 548.53 W;1, 99 %, 508.11 W;2, 78 %, 525.14 W;3, 0 %, 10.55 W; @1786707693
0, 99 %, 553.81 W;1, 99 %, 509.42 W;2, 99 %, 535.66 W;3, 0 %, 10.38 W; @1786707695
0, 99 %, 552.71 W;1, 98 %, 511.93 W;2, 99 %, 531.97 W;3, 0 %, 10.28 W; @1786707697
0, 99 %, 563.14 W;1, 99 %, 519.69 W;2, 98 %, 543.72 W;3, 0 %, 10.39 W; @1786707700
0, 0 %, 262.86 W;1, 0 %, 93.07 W;2, 0 %, 209.21 W;3, 0 %, 9.58 W; @1786707702
0, 0 %, 68.04 W;1, 0 %, 69.61 W;2, 0 %, 62.96 W;3, 0 %, 8.08 W; @1786707704
0, 0 %, 67.10 W;1, 0 %, 69.49 W;2, 0 %, 61.99 W;3, 0 %, 8.13 W; @1786707706
0, 98 %, 542.06 W;1, 88 %, 501.07 W;2, 97 %, 519.59 W;3, 0 %, 9.12 W; @1786707708
0, 100 %, 539.06 W;1, 98 %, 499.79 W;2, 98 %, 517.08 W;3, 0 %, 10.79 W; @1786707710
0, 0 %, 190.52 W;1, 0 %, 208.46 W;2, 0 %, 147.59 W;3, 0 %, 10.11 W; @1786707713
0, 0 %, 67.83 W;1, 0 %, 70.09 W;2, 0 %, 65.67 W;3, 0 %, 7.39 W; @1786707715
0, 0 %, 67.16 W;1, 0 %, 69.29 W;2, 0 %, 61.93 W;3, 0 %, 7.42 W; @1786707717
0, 98 %, 426.06 W;1, 98 %, 501.29 W;2, 98 %, 515.06 W;3, 0 %, 8.23 W; @1786707719
0, 99 %, 546.44 W;1, 99 %, 513.19 W;2, 98 %, 529.88 W;3, 0 %, 10.31 W; @1786707721
0, 0 %, 226.42 W;1, 0 %, 107.16 W;2, 0 %, 97.34 W;3, 0 %, 9.10 W; @1786707724
0, 0 %, 67.10 W;1, 0 %, 69.99 W;2, 0 %, 62.30 W;3, 0 %, 7.57 W; @1786707726
0, 0 %, 66.81 W;1, 0 %, 69.54 W;2, 0 %, 61.72 W;3, 0 %, 7.41 W; @1786707728
0, 0 %, 66.63 W;1, 0 %, 68.92 W;2, 0 %, 61.52 W;3, 0 %, 7.49 W; @1786707730
0, 0 %, 66.21 W;1, 0 %, 68.90 W;2, 0 %, 60.98 W;3, 0 %, 7.16 W; @1786707733
0, 0 %, 66.25 W;1, 0 %, 68.74 W;2, 0 %, 60.51 W;3, 0 %, 7.54 W; @1786707735
0, 0 %, 66.10 W;1, 0 %, 67.97 W;2, 0 %, 60.11 W;3, 0 %, 7.30 W; @1786707737
0, 0 %, 65.57 W;1, 0 %, 67.61 W;2, 0 %, 59.68 W;3, 0 %, 7.39 W; @1786707740
0, 98 %, 445.20 W;1, 92 %, 457.96 W;2, 99 %, 436.04 W;3, 0 %, 8.25 W; @1786707742
0, 52 %, 315.79 W;1, 52 %, 309.97 W;2, 52 %, 323.52 W;3, 0 %, 8.61 W; @1786707745
0, 46 %, 311.87 W;1, 52 %, 273.13 W;2, 99 %, 289.57 W;3, 0 %, 8.94 W; @1786707747
0, 55 %, 350.47 W;1, 56 %, 340.09 W;2, 55 %, 331.33 W;3, 0 %, 9.10 W; @1786707749
0, 55 %, 337.90 W;1, 55 %, 328.28 W;2, 47 %, 324.65 W;3, 0 %, 9.37 W; @1786707752
0, 100 %, 411.70 W;1, 56 %, 326.97 W;2, 69 %, 420.41 W;3, 0 %, 9.35 W; @1786707754
0, 67 %, 406.50 W;1, 68 %, 380.34 W;2, 68 %, 391.53 W;3, 0 %, 9.25 W; @1786707757
0, 50 %, 316.57 W;1, 68 %, 362.91 W;2, 50 %, 300.10 W;3, 0 %, 9.31 W; @1786707759
0, 55 %, 353.01 W;1, 55 %, 347.70 W;2, 55 %, 327.72 W;3, 0 %, 8.85 W; @1786707762
0, 55 %, 333.86 W;1, 55 %, 325.89 W;2, 0 %, 222.08 W;3, 0 %, 8.65 W; @1786707764
0, 55 %, 379.81 W;1, 46 %, 235.43 W;2, 100 %, 356.20 W;3, 0 %, 8.81 W; @1786707767
0, 55 %, 349.89 W;1, 55 %, 350.73 W;2, 53 %, 327.07 W;3, 0 %, 8.79 W; @1786707769
0, 100 %, 115.88 W;1, 55 %, 325.76 W;2, 100 %, 106.98 W;3, 0 %, 8.63 W; @1786707771
0, 0 %, 85.76 W;1, 0 %, 77.36 W;2, 0 %, 76.32 W;3, 0 %, 7.48 W; @1786707774
0, 0 %, 66.50 W;1, 0 %, 68.78 W;2, 0 %, 60.27 W;3, 0 %, 7.19 W; @1786707776
0, 0 %, 66.03 W;1, 0 %, 68.10 W;2, 0 %, 60.33 W;3, 0 %, 7.14 W; @1786707779
0, 0 %, 65.66 W;1, 0 %, 67.24 W;2, 0 %, 59.92 W;3, 0 %, 7.38 W; @1786707781
0, 0 %, 65.40 W;1, 0 %, 67.35 W;2, 0 %, 59.69 W;3, 0 %, 7.21 W; @1786707784
0, 0 %, 65.34 W;1, 0 %, 66.81 W;2, 0 %, 59.38 W;3, 0 %, 7.37 W; @1786707786
0, 0 %, 65.14 W;1, 0 %, 67.29 W;2, 0 %, 35.37 W;3, 0 %, 7.24 W; @1786707788
0, 0 %, 23.55 W;1, 0 %, 32.95 W;2, 0 %, 16.19 W;3, 0 %, 6.92 W; @1786707791
0, 0 %, 64.92 W;1, 0 %, 66.37 W;2, 0 %, 58.47 W;3, 0 %, 7.11 W; @1786707793
0, 0 %, 64.69 W;1, 0 %, 66.02 W;2, 0 %, 58.44 W;3, 0 %, 7.01 W; @1786707796
0, 0 %, 64.68 W;1, 0 %, 66.07 W;2, 0 %, 58.16 W;3, 0 %, 6.99 W; @1786707798
0, 0 %, 64.46 W;1, 0 %, 65.82 W;2, 0 %, 58.11 W;3, 0 %, 6.99 W; @1786707800
0, 0 %, 64.12 W;1, 0 %, 65.79 W;2, 0 %, 58.07 W;3, 0 %, 7.45 W; @1786707803
0, 0 %, 64.42 W;1, 0 %, 65.75 W;2, 0 %, 57.94 W;3, 0 %, 7.40 W; @1786707805
0, 0 %, 64.26 W;1, 0 %, 65.78 W;2, 0 %, 58.26 W;3, 0 %, 8.01 W; @1786707808
0, 0 %, 25.20 W;1, 0 %, 31.52 W;2, 0 %, 20.76 W;3, 0 %, 8.72 W; @1786707810
0, 0 %, 64.28 W;1, 0 %, 64.83 W;2, 0 %, 57.82 W;3, 0 %, 8.08 W; @1786707812
0, 98 %, 532.67 W;1, 98 %, 491.76 W;2, 98 %, 507.05 W;3, 0 %, 9.11 W; @1786707814
0, 99 %, 552.86 W;1, 98 %, 499.26 W;2, 100 %, 521.28 W;3, 0 %, 10.52 W; @1786707816
0, 11 %, 449.80 W;1, 5 %, 460.99 W;2, 98 %, 444.02 W;3, 0 %, 10.35 W; @1786707819
0, 0 %, 84.53 W;1, 0 %, 72.93 W;2, 0 %, 77.11 W;3, 0 %, 7.94 W; @1786707821
0, 0 %, 65.01 W;1, 0 %, 66.68 W;2, 0 %, 58.70 W;3, 0 %, 7.25 W; @1786707823
0, 98 %, 434.47 W;1, 98 %, 414.38 W;2, 100 %, 401.19 W;3, 0 %, 7.52 W; @1786707825
0, 99 %, 558.09 W;1, 98 %, 509.81 W;2, 100 %, 525.41 W;3, 0 %, 10.50 W; @1786707827
0, 0 %, 348.23 W;1, 0 %, 352.67 W;2, 55 %, 328.08 W;3, 0 %, 10.33 W; @1786707830
0, 0 %, 65.61 W;1, 0 %, 67.76 W;2, 0 %, 60.67 W;3, 0 %, 7.68 W; @1786707832
0, 0 %, 65.29 W;1, 0 %, 67.12 W;2, 0 %, 59.62 W;3, 0 %, 7.91 W; @1786707834
0, 0 %, 65.21 W;1, 0 %, 66.11 W;2, 0 %, 59.08 W;3, 0 %, 7.92 W; @1786707836
0, 0 %, 65.17 W;1, 0 %, 66.26 W;2, 0 %, 59.01 W;3, 0 %, 7.95 W; @1786707838
0, 98 %, 276.47 W;1, 98 %, 225.55 W;2, 0 %, 231.06 W;3, 0 %, 7.54 W; @1786707841
0, 99 %, 556.64 W;1, 99 %, 511.22 W;2, 99 %, 528.40 W;3, 0 %, 10.44 W; @1786707843
0, 93 %, 535.65 W;1, 100 %, 493.78 W;2, 98 %, 512.05 W;3, 0 %, 10.52 W; @1786707845
0, 99 %, 557.54 W;1, 99 %, 517.05 W;2, 99 %, 538.79 W;3, 0 %, 10.31 W; @1786707847
0, 100 %, 532.70 W;1, 100 %, 491.31 W;2, 99 %, 510.43 W;3, 0 %, 10.52 W; @1786707849
0, 99 %, 560.52 W;1, 99 %, 514.66 W;2, 99 %, 534.00 W;3, 0 %, 10.33 W; @1786707851
0, 98 %, 541.52 W;1, 99 %, 501.68 W;2, 99 %, 522.47 W;3, 0 %, 10.47 W; @1786707853
0, 98 %, 556.77 W;1, 98 %, 403.89 W;2, 55 %, 415.97 W;3, 0 %, 10.29 W; @1786707856
0, 0 %, 324.51 W;1, 9 %, 279.69 W;2, 61 %, 365.57 W;3, 0 %, 9.19 W; @1786707858
0, 60 %, 378.97 W;1, 61 %, 352.43 W;2, 60 %, 360.43 W;3, 0 %, 9.49 W; @1786707860
0, 5 %, 89.43 W;1, 6 %, 80.33 W;2, 10 %, 82.32 W;3, 0 %, 49.78 W; @1786707863
0, 4 %, 67.32 W;1, 2 %, 68.76 W;2, 5 %, 61.88 W;3, 0 %, 50.08 W; @1786707865
0, 2 %, 66.57 W;1, 2 %, 68.75 W;2, 8 %, 61.45 W;3, 0 %, 49.92 W; @1786707868
0, 2 %, 66.20 W;1, 0 %, 67.69 W;2, 5 %, 61.28 W;3, 0 %, 50.01 W; @1786707870
0, 2 %, 66.33 W;1, 0 %, 67.53 W;2, 0 %, 60.30 W;3, 0 %, 49.88 W; @1786707873
0, 0 %, 65.54 W;1, 0 %, 67.30 W;2, 0 %, 59.87 W;3, 0 %, 49.86 W; @1786707875
0, 0 %, 65.38 W;1, 0 %, 67.15 W;2, 0 %, 59.49 W;3, 0 %, 50.05 W; @1786707877
0, 0 %, 65.09 W;1, 0 %, 66.89 W;2, 0 %, 59.78 W;3, 0 %, 16.51 W; @1786707880
0, 0 %, 65.26 W;1, 0 %, 66.23 W;2, 0 %, 59.01 W;3, 0 %, 8.07 W; @1786707882
0, 0 %, 65.09 W;1, 0 %, 66.61 W;2, 0 %, 58.97 W;3, 0 %, 7.93 W; @1786707884
0, 0 %, 65.14 W;1, 0 %, 26.77 W;2, 0 %, 58.78 W;3, 0 %, 7.90 W; @1786707887
0, 0 %, 61.67 W;1, 0 %, 25.70 W;2, 0 %, 16.30 W;3, 0 %, 7.56 W; @1786707889
0, 0 %, 22.77 W;1, 0 %, 25.96 W;2, 0 %, 15.03 W;3, 0 %, 7.43 W; @1786707892
0, 0 %, 22.19 W;1, 0 %, 25.73 W;2, 0 %, 14.80 W;3, 0 %, 7.62 W; @1786707894
0, 0 %, 22.16 W;1, 0 %, 25.42 W;2, 0 %, 14.95 W;3, 0 %, 7.52 W; @1786707897
0, 0 %, 22.00 W;1, 0 %, 25.25 W;2, 0 %, 14.65 W;3, 0 %, 7.33 W; @1786707899
0, 0 %, 21.86 W;1, 0 %, 24.85 W;2, 0 %, 14.31 W;3, 0 %, 7.57 W; @1786707902
0, 0 %, 40.29 W;1, 0 %, 25.78 W;2, 0 %, 15.01 W;3, 0 %, 7.92 W; @1786707904
0, 0 %, 64.45 W;1, 0 %, 65.25 W;2, 1 %, 57.93 W;3, 0 %, 51.16 W; @1786707907
0, 0 %, 28.70 W;1, 0 %, 31.49 W;2, 0 %, 25.46 W;3, 0 %, 8.02 W; @1786707909
0, 0 %, 21.82 W;1, 0 %, 25.19 W;2, 0 %, 14.06 W;3, 0 %, 7.30 W; @1786707912
0, 0 %, 21.17 W;1, 0 %, 24.52 W;2, 0 %, 14.16 W;3, 0 %, 7.19 W; @1786707914
0, 0 %, 21.17 W;1, 0 %, 24.56 W;2, 0 %, 14.00 W;3, 0 %, 6.92 W; @1786707917
0, 0 %, 21.51 W;1, 0 %, 24.25 W;2, 0 %, 14.00 W;3, 0 %, 7.09 W; @1786707919
0, 0 %, 21.71 W;1, 0 %, 24.30 W;2, 0 %, 14.18 W;3, 0 %, 7.44 W; @1786707922
0, 0 %, 21.83 W;1, 0 %, 24.63 W;2, 0 %, 13.99 W;3, 0 %, 7.54 W; @1786707924
0, 0 %, 21.43 W;1, 0 %, 24.33 W;2, 0 %, 13.96 W;3, 0 %, 7.37 W; @1786707927
0, 0 %, 21.29 W;1, 0 %, 24.08 W;2, 0 %, 13.84 W;3, 0 %, 7.39 W; @1786707929
0, 0 %, 21.49 W;1, 0 %, 23.78 W;2, 0 %, 13.63 W;3, 0 %, 6.89 W; @1786707932
0, 0 %, 21.50 W;1, 0 %, 23.63 W;2, 0 %, 13.80 W;3, 0 %, 7.16 W; @1786707934
0, 0 %, 21.90 W;1, 0 %, 23.34 W;2, 0 %, 13.45 W;3, 0 %, 7.00 W; @1786707937
0, 0 %, 21.95 W;1, 0 %, 23.72 W;2, 0 %, 13.62 W;3, 0 %, 7.55 W; @1786707939
0, 0 %, 21.92 W;1, 0 %, 23.21 W;2, 0 %, 13.45 W;3, 0 %, 7.36 W; @1786707942
0, 0 %, 21.43 W;1, 0 %, 23.52 W;2, 0 %, 13.57 W;3, 0 %, 7.35 W; @1786707944
0, 0 %, 21.67 W;1, 0 %, 24.04 W;2, 0 %, 13.47 W;3, 0 %, 7.29 W; @1786707946
0, 0 %, 21.55 W;1, 0 %, 23.67 W;2, 0 %, 13.62 W;3, 0 %, 7.38 W; @1786707949
0, 0 %, 21.99 W;1, 0 %, 23.24 W;2, 0 %, 13.39 W;3, 0 %, 7.43 W; @1786707951
0, 0 %, 22.16 W;1, 0 %, 24.09 W;2, 0 %, 13.47 W;3, 0 %, 7.64 W; @1786707954
0, 0 %, 21.87 W;1, 0 %, 22.98 W;2, 0 %, 13.35 W;3, 0 %, 7.25 W; @1786707956
0, 0 %, 21.78 W;1, 0 %, 23.55 W;2, 0 %, 13.08 W;3, 0 %, 7.57 W; @1786707959
0, 0 %, 21.93 W;1, 0 %, 23.16 W;2, 0 %, 13.34 W;3, 0 %, 7.48 W; @1786707961
0, 0 %, 21.56 W;1, 0 %, 23.42 W;2, 0 %, 13.07 W;3, 0 %, 7.65 W; @1786707964
0, 0 %, 21.57 W;1, 0 %, 24.01 W;2, 0 %, 13.06 W;3, 0 %, 7.95 W; @1786707966
0, 0 %, 21.71 W;1, 0 %, 23.77 W;2, 0 %, 13.27 W;3, 0 %, 7.55 W; @1786707969
0, 0 %, 21.82 W;1, 0 %, 23.14 W;2, 0 %, 13.17 W;3, 0 %, 7.59 W; @1786707971
0, 0 %, 21.68 W;1, 0 %, 22.63 W;2, 0 %, 13.02 W;3, 0 %, 7.35 W; @1786707974
0, 0 %, 21.61 W;1, 0 %, 23.06 W;2, 0 %, 13.18 W;3, 0 %, 7.19 W; @1786707976
0, 0 %, 21.88 W;1, 0 %, 23.32 W;2, 0 %, 13.07 W;3, 0 %, 7.55 W; @1786707979
0, 0 %, 21.66 W;1, 0 %, 23.03 W;2, 0 %, 13.17 W;3, 0 %, 7.85 W; @1786707981
0, 0 %, 21.41 W;1, 0 %, 22.91 W;2, 0 %, 13.21 W;3, 0 %, 7.97 W; @1786707984
0, 0 %, 21.56 W;1, 0 %, 22.90 W;2, 0 %, 13.04 W;3, 0 %, 7.95 W; @1786707986
0, 0 %, 21.51 W;1, 0 %, 22.97 W;2, 0 %, 13.03 W;3, 0 %, 7.99 W; @1786707989
0, 0 %, 21.53 W;1, 0 %, 23.26 W;2, 0 %, 12.78 W;3, 0 %, 7.81 W; @1786707991
0, 0 %, 21.58 W;1, 0 %, 23.38 W;2, 0 %, 13.13 W;3, 0 %, 7.84 W; @1786707993
0, 0 %, 21.62 W;1, 0 %, 23.25 W;2, 0 %, 12.97 W;3, 0 %, 7.59 W; @1786707996
0, 0 %, 22.06 W;1, 0 %, 23.24 W;2, 0 %, 13.18 W;3, 0 %, 7.63 W; @1786707998
0, 0 %, 21.91 W;1, 0 %, 23.12 W;2, 0 %, 13.01 W;3, 0 %, 7.72 W; @1786708001
0, 0 %, 21.77 W;1, 0 %, 23.24 W;2, 0 %, 12.74 W;3, 0 %, 7.54 W; @1786708004
0, 0 %, 21.58 W;1, 0 %, 22.96 W;2, 0 %, 13.21 W;3, 0 %, 7.61 W; @1786708006
0, 0 %, 21.60 W;1, 0 %, 23.09 W;2, 0 %, 13.16 W;3, 0 %, 7.85 W; @1786708009
0, 0 %, 21.91 W;1, 0 %, 23.20 W;2, 0 %, 13.32 W;3, 0 %, 8.04 W; @1786708011
0, 0 %, 21.42 W;1, 0 %, 22.87 W;2, 0 %, 13.01 W;3, 0 %, 7.59 W; @1786708014
0, 0 %, 21.23 W;1, 0 %, 23.92 W;2, 0 %, 13.27 W;3, 0 %, 7.71 W; @1786708016
0, 0 %, 21.56 W;1, 0 %, 23.27 W;2, 0 %, 12.94 W;3, 0 %, 7.77 W; @1786708018
0, 0 %, 22.03 W;1, 6 %, 23.15 W;2, 20 %, 57.54 W;3, 0 %, 8.00 W; @1786708021
0, 4 %, 54.65 W;1, 5 %, 62.72 W;2, 0 %, 55.16 W;3, 0 %, 7.71 W; @1786708023
0, 20 %, 66.95 W;1, 10 %, 62.73 W;2, 0 %, 55.53 W;3, 0 %, 7.89 W; @1786708026
0, 60 %, 111.52 W;1, 0 %, 62.01 W;2, 0 %, 55.57 W;3, 68 %, 92.06 W; @1786708028
0, 0 %, 92.40 W;1, 0 %, 62.24 W;2, 0 %, 55.08 W;3, 0 %, 77.85 W; @1786708031
0, 0 %, 63.41 W;1, 0 %, 62.67 W;2, 0 %, 55.27 W;3, 0 %, 53.15 W; @1786708033
0, 0 %, 63.19 W;1, 0 %, 61.83 W;2, 0 %, 54.99 W;3, 0 %, 50.43 W; @1786708035
0, 0 %, 63.52 W;1, 0 %, 62.03 W;2, 0 %, 55.42 W;3, 0 %, 49.97 W; @1786708038
0, 0 %, 68.54 W;1, 1 %, 68.46 W;2, 0 %, 58.10 W;3, 0 %, 50.30 W; @1786708040
0, 3 %, 65.36 W;1, 2 %, 63.29 W;2, 6 %, 56.27 W;3, 0 %, 50.19 W; @1786708043
0, 0 %, 63.61 W;1, 0 %, 62.90 W;2, 0 %, 55.57 W;3, 0 %, 50.13 W; @1786708045
0, 0 %, 63.41 W;1, 1 %, 61.81 W;2, 0 %, 55.12 W;3, 0 %, 50.27 W; @1786708047
0, 2 %, 63.71 W;1, 0 %, 62.30 W;2, 1 %, 55.71 W;3, 0 %, 8.42 W; @1786708050
0, 0 %, 63.68 W;1, 1 %, 62.34 W;2, 0 %, 55.78 W;3, 0 %, 7.75 W; @1786708052
0, 1 %, 63.79 W;1, 0 %, 62.45 W;2, 8 %, 55.39 W;3, 0 %, 7.93 W; @1786708055
0, 0 %, 63.86 W;1, 0 %, 62.81 W;2, 7 %, 55.85 W;3, 0 %, 7.87 W; @1786708057
0, 1 %, 63.63 W;1, 0 %, 62.71 W;2, 0 %, 55.38 W;3, 0 %, 7.80 W; @1786708059
0, 2 %, 63.73 W;1, 2 %, 62.28 W;2, 0 %, 55.50 W;3, 0 %, 7.86 W; @1786708062
0, 1 %, 63.74 W;1, 2 %, 62.26 W;2, 2 %, 55.52 W;3, 0 %, 9.17 W; @1786708064
0, 3 %, 63.77 W;1, 2 %, 62.32 W;2, 2 %, 55.69 W;3, 0 %, 8.87 W; @1786708066
0, 2 %, 63.92 W;1, 1 %, 62.50 W;2, 4 %, 55.73 W;3, 0 %, 8.08 W; @1786708068
0, 2 %, 63.96 W;1, 2 %, 62.96 W;2, 5 %, 55.60 W;3, 0 %, 8.56 W; @1786708070
0, 2 %, 63.98 W;1, 5 %, 63.21 W;2, 10 %, 56.12 W;3, 0 %, 8.46 W; @1786708072
0, 0 %, 63.48 W;1, 1 %, 62.76 W;2, 2 %, 55.33 W;3, 0 %, 8.47 W; @1786708075
0, 0 %, 63.69 W;1, 0 %, 62.73 W;2, 0 %, 55.77 W;3, 0 %, 29.45 W; @1786708077
0, 0 %, 63.15 W;1, 0 %, 64.18 W;2, 0 %, 33.27 W;3, 0 %, 43.80 W; @1786708079
